agent_id,agent_name,month,day,tenure_months,call_type,aht_sec,csat_score,qa_audit_score,resolution_status
AGT-019,Kavya Gupta,July-2026,18,28,Inbound,268.4,5.0,88.0,Resolved
AGT-001,Arjun Jenkins,February-2026,14,16,INBOUND,283.1,4.3,97.1,Unresolved
AGT-018,Sarah Iyer,February-2026,1,23,Inbound,258.1,5.0,95.6,Resolved
AGT-007,Rahul Iyer,May-2026,2,27,Inbound,244.0,,100.0,Resolved
AGT-012,Kavya Jenkins,March-2026,5,17,Inbound,202.8,4.6,90.4,Resolved
AGT-018,Sarah Iyer,June-2026,18,27,Inbound,279.2,5.0,94.7,Pending
AGT-015,Arjun Nair,July-2026,20,14,INBOUND,197.0,4.3,,Resolved
AGT-020,Rahul Sharma,July-2026,7,14,Inbound,230.1,4.3,81.5,Escalated
AGT-006,Arjun Nair,April-2026,19,20,Inbound,224.7,4.4,96.1,Escalated
AGT-015,Arjun Nair,July-2026,3,14,Inbound,290.5,5.0,80.0,Resolved
AGT-012,Kavya Jenkins,February-2026,12,16,Inbound,320.3,4.7,94.4,Resolved
AGT-023,Michael Wilson,July-2026,23,22,Inbound,288.8,5.0,99.7,Resolved
AGT-007,Rahul Iyer,March-2026,8,25,Inbound,251.2,4.1,92.9,Resolved
AGT-013, Rahul Wilson ,July-2026,21,27,Inbound,292.0,5.0,100.0,Resolved
AGT-014,Priya Iyer,February-2026,10,18,Inbound,258.2,,96.3,Resolved
AGT-021,Ananya Gupta,February-2026,11,9,Inbound,302.2,4.3,74.5,Pending
AGT-009,Arjun Sharma,February-2026,25,2,Inbound,271.7,2.5,75.1,Pending
AGT-016,Ananya Verma,May-2026,13,20,Inbound,188.5,4.9,93.7,Resolved
AGT-014,Priya Iyer,February-2026,26,18,Inbound,294.6,5.0,92.4,Resolved
AGT-019,Kavya Gupta,June-2026,17,27,Inbound,254.7,5.0,100.0,Resolved
AGT-005,Rahul Chang,February-2026,1,0,Inbound,328.5,2.1,72.8,Resolved
AGT-019,Kavya Gupta,July-2026,2,28,Inbound,315.1,4.2,88.1,Resolved
AGT-005,Rahul Chang,March-2026,18,1,Inbound,,2.9,57.1,Resolved
AGT-018,Sarah Iyer,February-2026,3,23,Inbound,225.3,4.7,93.2,Resolved
AGT-024,James Reddy,May-2026,22,7,Inbound,290.4,3.4,86.5,Resolved
AGT-017,Neha Sharma,June-2026,17,4,Inbound,305.1,3.8,76.9,Pending
AGT-025,Arjun Reddy,February-2026,13,22,Inbound,227.1,5.0,82.0,Resolved
AGT-010,James Iyer,June-2026,3,10,Inbound,425.8,4.3,88.7,Resolved
AGT-024,James Reddy,July-2026,13,9,Inbound,295.5,4.1,77.3,Resolved
AGT-009,Arjun Sharma,July-2026,16,7,Inbound,313.9,4.3,85.0,Resolved
AGT-008,Kavya Gupta,April-2026,12,10,INBOUND,321.8,3.9,91.5,Resolved
AGT-017,Neha Sharma,May-2026,20,3,Inbound,253.8,4.4,66.0,Resolved
AGT-017,Neha Sharma,February-2026,26,0,Inbound,309.2,4.2,61.5,Escalated
AGT-017,Neha Sharma,June-2026,15,4,Inbound,239.4,1.0,63.1,Unresolved
AGT-012,Kavya Jenkins,May-2026,21,19,Inbound,229.1,4.5,91.3,Resolved
AGT-019,Kavya Gupta,April-2026,6,25,Inbound,238.2,4.2,98.3,Pending
AGT-002,Arjun Sharma,April-2026,20,21,INBOUND,227.6,4.7,98.3,Resolved
AGT-003,Sarah Reddy,June-2026,2,26,Inbound,304.3,4.9,95.4,Resolved
AGT-002,Arjun Sharma,April-2026,15,21,Inbound,241.6,5.0,89.0,Resolved
AGT-024,James Reddy,June-2026,12,8,Inbound,240.1,4.8,75.9,Resolved
AGT-004,Priya Nair,March-2026,8,5,Inbound,223.8,2.3,76.0,Resolved
AGT-011,David Chang,April-2026,13,11,Inbound,313.0,3.5,91.4,Resolved
AGT-009,Arjun Sharma,May-2026,25,5,Inbound,253.0,3.3,82.7,Resolved
AGT-025,Arjun Reddy,April-2026,23,24,Inbound,199.0,4.6,100.0,Resolved
AGT-021,Ananya Gupta,March-2026,20,10,Inbound,273.7,4.5,,Pending
AGT-006,Arjun Nair,March-2026,18,19,Inbound,299.2,5.0,100.0,Resolved
AGT-002,Arjun Sharma,July-2026,24,24,Inbound,271.9,5.0,98.9,Resolved
AGT-023,Michael Wilson,June-2026,5,21,Inbound,272.1,4.6,94.7,Resolved
AGT-004,Priya Nair,February-2026,2,4,Inbound,274.8,3.6,55.2,Escalated
AGT-011,David Chang,May-2026,14,12,Inbound,282.0,5.0,93.7,Resolved
AGT-011,David Chang,March-2026,26,10,Inbound,288.6,3.1,80.2,Resolved
AGT-021,Ananya Gupta,March-2026,7,10,Inbound,276.7,4.5,75.4,Pending
AGT-016,Ananya Verma,July-2026,17,22,Inbound,280.0,4.7,80.8,Resolved
AGT-013,Rahul Wilson,May-2026,14,25,Inbound,265.5,4.2,99.9,Resolved
AGT-015,Arjun Nair,May-2026,9,12,Inbound,239.9,3.4,81.8,Resolved
AGT-013,Rahul Wilson,March-2026,23,23,Inbound,322.3,5.0,83.7,Escalated
AGT-016,Ananya Verma,March-2026,24,18,Inbound,221.4,4.5,91.6,Resolved
AGT-021,Ananya Gupta,July-2026,23,14,Inbound,216.7,3.4,86.9,Resolved
AGT-023,Michael Wilson,April-2026,21,19,Inbound,278.9,4.3,100.0,Resolved
AGT-008,Kavya Gupta,July-2026,22,13,Inbound,248.1,4.6,99.8,Escalated
AGT-018,Sarah Iyer,July-2026,5,28,Inbound,274.7,5.0,100.0,Resolved
AGT-016,Ananya Verma,March-2026,23,18,Inbound,268.8,4.5,97.6,Unresolved
AGT-007,Rahul Iyer,April-2026,10,26,Inbound,268.3,5.0,93.6,Escalated
AGT-016,Ananya Verma,April-2026,24,19,Inbound,171.0,5.0,96.6,Resolved
AGT-004,Priya Nair,February-2026,8,4,Inbound,273.9,3.1,71.1,Escalated
AGT-008,Kavya Gupta,March-2026,13,9,Inbound,267.5,3.9,78.2,Pending
AGT-011,David Chang,March-2026,2,10,Inbound,351.7,4.0,74.5,Escalated
AGT-025,Arjun Reddy,April-2026,6,24,Inbound,256.0,5.0,95.8,Resolved
AGT-005,Rahul Chang,February-2026,24,0,Inbound,371.8,2.7,61.9,Unresolved
AGT-013,Rahul Wilson,February-2026,17,22,Inbound,265.1,4.5,100.0,Resolved
AGT-013,Rahul Wilson,April-2026,14,24,Inbound,172.2,5.0,91.6,Resolved
AGT-022,Michael Iyer,June-2026,26,23,Inbound,310.5,,95.6,Unresolved
AGT-016,Ananya Verma,June-2026,21,21,Inbound,271.2,5.0,,Resolved
AGT-012,Kavya Jenkins,June-2026,3,20,Inbound,205.5,3.9,75.7,Resolved
AGT-022,Michael Iyer,February-2026,18,19,Inbound,250.4,5.0,85.0,Resolved
AGT-002,Arjun Sharma,May-2026,4,22,Inbound,283.7,5.0,89.0,Resolved
AGT-011,David Chang,July-2026,9,14,Inbound,299.8,5.0,97.5,Escalated
AGT-005,Rahul Chang,June-2026,17,4,Inbound,296.1,3.1,78.3,Resolved
AGT-021, Ananya Gupta ,April-2026,6,11,Inbound,313.4,4.5,72.2,Unresolved
AGT-021,Ananya Gupta,April-2026,23,11,Inbound,242.9,4.7,76.9,Resolved
AGT-020,Rahul Sharma,March-2026,5,10,Inbound,277.3,4.6,95.6,Resolved
AGT-014,Priya Iyer,July-2026,10,23,Inbound,290.0,5.0,100.0,Escalated
AGT-025,Arjun Reddy,February-2026,10,22,Inbound,321.2,4.4,100.0,Resolved
AGT-003,Sarah Reddy,February-2026,7,22,Inbound,243.0,5.0,100.0,Resolved
AGT-007,Rahul Iyer,July-2026,16,29,Inbound,246.7,5.0,88.7,Resolved
AGT-017,Neha Sharma,May-2026,25,3,Inbound,333.7,3.9,70.0,Escalated
AGT-008, Kavya Gupta ,June-2026,8,12,Inbound,302.3,4.5,83.0,Resolved
AGT-022,Michael Iyer,July-2026,3,24,Inbound,307.4,5.0,83.0,Escalated
AGT-024,James Reddy,April-2026,19,6,Inbound,277.7,4.3,83.8,Unresolved
AGT-013,Rahul Wilson,June-2026,5,26,Inbound,273.0,4.8,91.7,Resolved
AGT-014,Priya Iyer,May-2026,16,21,Inbound,245.8,5.0,90.1,Resolved
AGT-005,Rahul Chang,March-2026,25,1,Inbound,297.8,2.2,71.4,Pending
AGT-009,Arjun Sharma,July-2026,15,7,Inbound,295.8,3.0,92.7,Pending
AGT-006,Arjun Nair,May-2026,21,21,Inbound,,4.6,90.8,Resolved
AGT-013,Rahul Wilson,May-2026,2,25,Inbound,273.4,5.0,100.0,Resolved
AGT-008,Kavya Gupta,February-2026,10,8,INBOUND,333.4,2.8,86.4,Resolved
AGT-015,Arjun Nair,April-2026,4,11,Inbound,242.6,4.3,72.9,Unresolved
AGT-010,James Iyer,July-2026,6,11,Inbound,239.2,3.5,89.3,Escalated
AGT-004,Priya Nair,March-2026,12,5,Inbound,,3.0,81.4,Resolved
AGT-015,Arjun Nair,April-2026,5,11,Inbound,227.2,4.5,89.9,Resolved
AGT-001,Arjun Jenkins,June-2026,11,20,Inbound,,5.0,96.7,Resolved
AGT-007,Rahul Iyer,June-2026,25,28,Inbound,241.2,5.0,94.7,Resolved
AGT-005, Rahul Chang ,July-2026,4,5,Inbound,355.9,4.7,80.5,Unresolved
AGT-009,Arjun Sharma,May-2026,13,5,Inbound,357.6,3.1,84.5,Pending
AGT-024,James Reddy,July-2026,7,9,Inbound,301.0,4.2,70.8,Resolved
AGT-021,Ananya Gupta,February-2026,7,9,Inbound,265.8,,80.4,Unresolved
AGT-024,James Reddy,June-2026,19,8,Inbound,265.2,3.9,,Pending
AGT-017,Neha Sharma,February-2026,3,0,Inbound,269.9,1.1,74.8,Unresolved
AGT-006,Arjun Nair,April-2026,15,20,Inbound,203.7,4.6,100.0,Resolved
AGT-001,Arjun Jenkins,March-2026,3,17,Inbound,297.3,4.5,89.7,Resolved
AGT-001,Arjun Jenkins,July-2026,7,21,Inbound,227.3,4.5,95.3,Resolved
AGT-008,Kavya Gupta,March-2026,23,9,Inbound,232.8,4.0,86.2,Resolved
AGT-007,Rahul Iyer,May-2026,12,27,Inbound,287.1,4.5,100.0,Resolved
AGT-016, Ananya Verma ,July-2026,23,22,Inbound,317.4,3.9,93.8,Resolved
AGT-003,Sarah Reddy,March-2026,11,23,Inbound,281.3,4.3,100.0,Resolved
AGT-011,David Chang,February-2026,15,9,Inbound,316.6,3.4,83.7,Unresolved
AGT-022,Michael Iyer,July-2026,25,24,Inbound,208.4,3.3,100.0,Resolved
AGT-006,Arjun Nair,February-2026,25,18,Inbound,275.9,3.4,98.6,Pending
AGT-018,Sarah Iyer,March-2026,11,24,Inbound,287.6,5.0,89.6,Resolved
AGT-004,Priya Nair,May-2026,16,7,Inbound,315.1,4.0,90.4,Pending
AGT-020,Rahul Sharma,May-2026,19,12,Inbound,299.3,4.7,88.1,Unresolved
AGT-019,Kavya Gupta,May-2026,22,26,Inbound,215.9,3.8,97.3,Resolved
AGT-003,Sarah Reddy,March-2026,4,23,INBOUND,295.1,4.4,88.4,Unresolved
AGT-023,Michael Wilson,May-2026,18,20,Inbound,289.5,5.0,86.6,Resolved
AGT-006,Arjun Nair,June-2026,20,22,Inbound,222.5,3.5,90.9,Resolved
AGT-006,Arjun Nair,April-2026,22,20,Inbound,235.9,5.0,93.8,Resolved
AGT-020,Rahul Sharma,March-2026,14,10,Inbound,252.9,3.7,72.5,Pending
AGT-003,Sarah Reddy,June-2026,20,26,Inbound,326.9,4.9,96.5,Escalated
AGT-012,Kavya Jenkins,May-2026,18,19,Inbound,256.0,4.6,100.0,Resolved
AGT-002,Arjun Sharma,May-2026,3,22,Inbound,358.2,5.0,95.0,Resolved
AGT-015,Arjun Nair,June-2026,7,13,Inbound,309.4,3.8,80.9,Resolved
AGT-020,Rahul Sharma,May-2026,17,12,Inbound,259.8,4.5,86.1,Resolved
AGT-014,Priya Iyer,June-2026,21,22,Inbound,208.0,4.0,99.1,Resolved
AGT-024,James Reddy,February-2026,6,4,Inbound,316.4,3.5,,Resolved
AGT-005,Rahul Chang,July-2026,1,5,Inbound,280.7,2.4,66.7,Unresolved
AGT-023,Michael Wilson,March-2026,14,18,INBOUND,,4.3,95.9,Pending
AGT-001,Arjun Jenkins,February-2026,12,16,Inbound,232.0,4.2,96.8,Pending
AGT-015,Arjun Nair,April-2026,8,11,Inbound,273.0,4.7,89.3,Resolved
AGT-005,Rahul Chang,April-2026,13,2,Inbound,269.0,2.0,72.5,Escalated
AGT-013,Rahul Wilson,May-2026,7,25,Inbound,247.4,4.7,88.6,Resolved
AGT-013,Rahul Wilson,April-2026,21,24,Inbound,243.4,5.0,100.0,Resolved
AGT-012,Kavya Jenkins,June-2026,26,20,Inbound,157.8,4.1,97.9,Resolved
AGT-002,Arjun Sharma,June-2026,14,23,Inbound,310.2,4.8,97.5,Resolved
AGT-019,Kavya Gupta,March-2026,10,24,Inbound,243.2,5.0,100.0,Resolved
AGT-004,Priya Nair,April-2026,19,6,Inbound,298.6,3.5,84.3,Pending
AGT-011,David Chang,March-2026,23,10,Inbound,303.6,4.9,98.9,Resolved
AGT-019,Kavya Gupta,July-2026,25,28,Inbound,208.4,4.7,89.6,Resolved
AGT-001,Arjun Jenkins,February-2026,8,16,Inbound,310.6,4.2,99.4,Resolved
AGT-010,James Iyer,June-2026,8,10,INBOUND,283.9,,75.2,Resolved
AGT-002,Arjun Sharma,March-2026,1,20,Inbound,272.5,4.6,100.0,Resolved
AGT-004,Priya Nair,April-2026,11,6,Inbound,310.6,4.4,82.5,Resolved
AGT-022,Michael Iyer,May-2026,14,22,Inbound,242.1,5.0,100.0,Resolved
AGT-023,Michael Wilson,February-2026,19,17,Inbound,217.0,4.3,93.6,Resolved
AGT-011,David Chang,May-2026,5,12,Inbound,217.1,4.0,,Unresolved
AGT-001,Arjun Jenkins,June-2026,19,20,Inbound,288.4,5.0,85.5,Resolved
AGT-001,Arjun Jenkins,March-2026,12,17,Inbound,281.1,4.4,100.0,Resolved
AGT-002,Arjun Sharma,May-2026,8,22,Inbound,228.1,3.0,96.2,Resolved
AGT-022,Michael Iyer,April-2026,12,21,Inbound,222.2,4.0,100.0,Resolved
AGT-016,Ananya Verma,April-2026,26,19,Inbound,277.8,3.8,100.0,Resolved
AGT-003,Sarah Reddy,February-2026,8,22,Inbound,227.0,4.5,90.5,Resolved
AGT-022,Michael Iyer,March-2026,14,20,Inbound,216.5,4.7,96.4,Escalated
AGT-005,Rahul Chang,July-2026,23,5,Inbound,337.2,2.0,63.1,Unresolved
AGT-018,Sarah Iyer,February-2026,26,23,Inbound,199.6,4.8,89.6,Resolved
AGT-008,Kavya Gupta,June-2026,17,12,Inbound,245.4,3.8,88.8,Unresolved
AGT-010,James Iyer,February-2026,2,6,Inbound,326.7,4.6,57.6,Resolved
AGT-011,David Chang,July-2026,19,14,Inbound,311.7,5.0,89.5,Resolved
AGT-008,Kavya Gupta,February-2026,9,8,Inbound,250.0,2.9,75.5,Resolved
AGT-018,Sarah Iyer,February-2026,25,23,Inbound,264.1,4.4,99.1,Resolved
AGT-011,David Chang,July-2026,20,14,Inbound,312.5,4.2,87.3,Resolved
AGT-008,Kavya Gupta,April-2026,17,10,Inbound,,4.1,84.9,Pending
AGT-020,Rahul Sharma,February-2026,11,9,Inbound,307.8,3.7,61.8,Resolved
AGT-002,Arjun Sharma,July-2026,12,24,Inbound,197.9,4.1,92.3,Resolved
AGT-010,James Iyer,February-2026,11,6,Inbound,296.0,3.8,77.4,Resolved
AGT-004,Priya Nair,March-2026,4,5,Inbound,285.1,3.2,86.9,Resolved
AGT-018,Sarah Iyer,April-2026,3,25,Inbound,311.4,4.2,89.7,Resolved
AGT-004,Priya Nair,May-2026,23,7,Inbound,300.7,4.2,71.1,Escalated
AGT-011,David Chang,July-2026,3,14,Inbound,194.0,4.9,87.1,Resolved
AGT-018,Sarah Iyer,April-2026,21,25,Inbound,,4.2,90.9,Resolved
AGT-003,Sarah Reddy,July-2026,24,27,Inbound,273.5,3.3,91.7,Resolved
AGT-003,Sarah Reddy,February-2026,20,22,Inbound,271.0,5.0,88.7,Resolved
AGT-022,Michael Iyer,April-2026,19,21,Inbound,276.3,,98.4,Resolved
AGT-001,Arjun Jenkins,April-2026,18,18,Inbound,306.8,4.2,95.0,Unresolved
AGT-016,Ananya Verma,June-2026,22,21,Inbound,324.7,4.2,86.4,Resolved
AGT-016,Ananya Verma,April-2026,3,19,Inbound,305.9,5.0,100.0,Pending
AGT-001,Arjun Jenkins,July-2026,13,21,Inbound,251.6,4.8,99.1,Resolved
AGT-025,Arjun Reddy,March-2026,15,23,Inbound,293.3,3.9,87.6,Escalated
AGT-014,Priya Iyer,July-2026,24,23,Inbound,276.8,5.0,100.0,Resolved
AGT-003, Sarah Reddy ,May-2026,21,25,Inbound,280.6,3.9,99.2,Resolved
AGT-001,Arjun Jenkins,February-2026,6,16,Inbound,310.9,4.7,97.4,Resolved
AGT-012,Kavya Jenkins,July-2026,22,21,Inbound,242.3,3.9,100.0,Resolved
AGT-008,Kavya Gupta,February-2026,20,8,Inbound,330.9,3.5,67.1,Resolved
AGT-025,Arjun Reddy,April-2026,3,24,Inbound,283.0,3.8,95.3,Escalated
AGT-025,Arjun Reddy,May-2026,13,25,Inbound,176.1,4.4,93.0,Resolved
AGT-005,Rahul Chang,July-2026,26,5,Inbound,310.8,3.1,66.7,Resolved
AGT-025,Arjun Reddy,March-2026,25,23,Inbound,246.5,3.5,100.0,Resolved
AGT-004,Priya Nair,May-2026,17,7,Inbound,303.4,2.9,65.8,Escalated
AGT-012,Kavya Jenkins,April-2026,5,18,Inbound,217.7,5.0,91.2,Pending
AGT-021,Ananya Gupta,July-2026,24,14,Inbound,248.8,5.0,90.4,Unresolved
AGT-006,Arjun Nair,May-2026,5,21,Inbound,265.6,3.4,90.8,Resolved
AGT-017,Neha Sharma,April-2026,13,2,Inbound,302.9,4.3,65.8,Unresolved
AGT-019,Kavya Gupta,April-2026,19,25,Inbound,237.3,4.0,85.5,Resolved
AGT-015,Arjun Nair,May-2026,24,12,Inbound,250.8,3.6,77.8,Resolved
AGT-025,Arjun Reddy,July-2026,15,27,Inbound,,5.0,91.1,Resolved
AGT-002,Arjun Sharma,February-2026,14,19,Inbound,202.4,4.1,89.2,Resolved
AGT-018,Sarah Iyer,March-2026,25,24,Inbound,255.0,4.7,100.0,Unresolved
AGT-021,Ananya Gupta,March-2026,24,10,Inbound,242.6,3.4,85.5,Escalated
AGT-010,James Iyer,April-2026,15,8,INBOUND,300.2,3.2,81.1,Escalated
AGT-020,Rahul Sharma,February-2026,25,9,Inbound,317.6,4.4,74.3,Resolved
AGT-008,Kavya Gupta,March-2026,6,9,Inbound,304.2,4.1,85.4,Resolved
AGT-007,Rahul Iyer,June-2026,17,28,INBOUND,160.5,5.0,82.8,Resolved
AGT-002,Arjun Sharma,March-2026,23,20,Inbound,202.6,5.0,91.1,Escalated
AGT-006,Arjun Nair,February-2026,15,18,Inbound,232.1,5.0,100.0,Resolved
AGT-016,Ananya Verma,March-2026,12,18,Inbound,264.8,4.8,100.0,Unresolved
AGT-020,Rahul Sharma,March-2026,2,10,Inbound,234.1,5.0,76.5,Escalated
AGT-013,Rahul Wilson,April-2026,3,24,Inbound,312.1,3.5,97.9,Resolved
AGT-009,Arjun Sharma,April-2026,6,4,Inbound,311.5,2.5,70.6,Escalated
AGT-005,Rahul Chang,March-2026,10,1,Inbound,346.8,3.5,63.4,Escalated
AGT-006,Arjun Nair,May-2026,4,21,Inbound,220.0,5.0,97.6,Pending
AGT-014,Priya Iyer,May-2026,24,21,Inbound,220.5,4.5,99.0,Resolved
AGT-022,Michael Iyer,June-2026,4,23,Inbound,262.2,5.0,92.3,Pending
AGT-024,James Reddy,June-2026,5,8,Inbound,304.9,3.9,82.7,Unresolved
AGT-014,Priya Iyer,March-2026,16,19,Inbound,220.6,5.0,97.7,Resolved
AGT-020,Rahul Sharma,April-2026,16,11,INBOUND,251.1,4.2,88.9,Resolved
AGT-013,Rahul Wilson,February-2026,2,22,Inbound,301.3,4.3,93.1,Resolved
AGT-023,Michael Wilson,May-2026,4,20,Inbound,234.8,4.9,81.4,Pending
AGT-004,Priya Nair,March-2026,5,5,INBOUND,222.3,,65.0,Escalated
AGT-018,Sarah Iyer,March-2026,15,24,Inbound,274.2,5.0,98.2,Escalated
AGT-002,Arjun Sharma,May-2026,6,22,Inbound,157.2,5.0,100.0,Resolved
AGT-010,James Iyer,July-2026,9,11,Inbound,294.3,3.3,86.4,Resolved
AGT-016,Ananya Verma,February-2026,6,17,Inbound,225.6,5.0,87.2,Resolved
AGT-017,Neha Sharma,May-2026,17,3,Inbound,283.2,2.7,74.3,Unresolved
AGT-008,Kavya Gupta,July-2026,24,13,Inbound,223.4,5.0,95.3,Resolved
AGT-025,Arjun Reddy,March-2026,1,23,Inbound,366.8,4.1,98.8,Resolved
AGT-001, Arjun Jenkins ,February-2026,10,16,Inbound,303.8,2.8,85.1,Resolved
AGT-015,Arjun Nair,March-2026,25,10,Inbound,222.6,3.2,58.9,Resolved
AGT-013,Rahul Wilson,June-2026,16,26,Inbound,228.5,4.0,97.9,Escalated
AGT-003,Sarah Reddy,July-2026,1,27,Inbound,196.2,5.0,95.3,Resolved
AGT-002, Arjun Sharma ,July-2026,11,24,Inbound,227.2,5.0,83.1,Resolved
AGT-019,Kavya Gupta,February-2026,4,23,INBOUND,305.9,4.8,,Resolved
AGT-009,Arjun Sharma,May-2026,6,5,Inbound,277.0,2.1,89.8,Resolved
AGT-001,Arjun Jenkins,March-2026,16,17,Inbound,210.1,4.0,97.2,Resolved
AGT-019,Kavya Gupta,June-2026,22,27,Inbound,263.1,5.0,90.7,Resolved
AGT-020,Rahul Sharma,February-2026,4,9,Inbound,293.3,4.4,96.4,Escalated
AGT-004,Priya Nair,July-2026,7,9,Inbound,297.8,3.0,69.0,Resolved
AGT-015,Arjun Nair,February-2026,23,9,Inbound,338.3,2.9,94.5,Escalated
AGT-001,Arjun Jenkins,April-2026,11,18,Inbound,246.1,4.7,92.2,Resolved
AGT-011,David Chang,February-2026,21,9,Inbound,287.0,4.6,82.0,Escalated
AGT-007,Rahul Iyer,July-2026,4,29,Inbound,216.6,5.0,94.6,Pending
AGT-017,Neha Sharma,July-2026,4,5,Inbound,332.7,4.0,84.2,Resolved
AGT-021,Ananya Gupta,May-2026,24,12,Inbound,366.5,4.3,86.1,Resolved
AGT-004,Priya Nair,March-2026,18,5,Inbound,312.4,,68.0,Unresolved
AGT-006,Arjun Nair,April-2026,12,20,Inbound,252.6,5.0,88.8,Resolved
AGT-006,Arjun Nair,March-2026,16,19,Inbound,255.1,4.5,79.1,Resolved
AGT-016,Ananya Verma,February-2026,12,17,Inbound,308.2,5.0,75.7,Resolved
AGT-017,Neha Sharma,July-2026,18,5,Inbound,262.7,3.2,67.9,Pending
AGT-013,Rahul Wilson,April-2026,20,24,Inbound,190.6,3.7,83.3,Resolved
AGT-002,Arjun Sharma,April-2026,17,21,Inbound,251.0,3.8,83.7,Resolved
AGT-002,Arjun Sharma,April-2026,13,21,Inbound,208.9,4.6,87.8,Resolved
AGT-004,Priya Nair,May-2026,20,7,Inbound,294.0,3.8,81.7,Resolved
AGT-009,Arjun Sharma,March-2026,7,3,Inbound,323.2,2.8,74.1,Resolved
AGT-001,Arjun Jenkins,June-2026,25,20,Inbound,196.6,5.0,90.7,Resolved
AGT-018,Sarah Iyer,April-2026,13,25,Inbound,263.6,4.9,100.0,Resolved
AGT-009,Arjun Sharma,February-2026,5,2,Inbound,403.2,1.7,72.9,Unresolved
AGT-007,Rahul Iyer,June-2026,11,28,Inbound,271.3,5.0,100.0,Resolved
AGT-021,Ananya Gupta,March-2026,15,10,Inbound,298.4,4.3,74.7,Pending
AGT-021,Ananya Gupta,April-2026,24,11,Inbound,205.0,4.8,87.7,Escalated
AGT-010,James Iyer,June-2026,25,10,Inbound,204.0,3.9,74.2,Resolved
AGT-003,Sarah Reddy,July-2026,7,27,Inbound,238.2,5.0,90.0,Resolved
AGT-004,Priya Nair,May-2026,21,7,Inbound,254.6,4.1,84.2,Pending
AGT-004,Priya Nair,July-2026,21,9,Inbound,284.8,2.8,80.6,Resolved
AGT-006,Arjun Nair,April-2026,7,20,Inbound,256.3,5.0,99.0,Resolved
AGT-003,Sarah Reddy,March-2026,20,23,Inbound,266.2,4.4,100.0,Resolved
AGT-001,Arjun Jenkins,March-2026,11,17,Inbound,223.2,4.9,100.0,Resolved
AGT-010,James Iyer,May-2026,5,9,Inbound,319.7,4.1,79.4,Resolved
AGT-022,Michael Iyer,July-2026,22,24,Inbound,175.1,4.0,100.0,Resolved
AGT-001, Arjun Jenkins ,May-2026,6,19,Inbound,204.1,5.0,99.9,Resolved
AGT-022,Michael Iyer,June-2026,24,23,Inbound,233.7,4.6,90.6,Resolved
AGT-025,Arjun Reddy,March-2026,26,23,Inbound,257.1,,91.5,Pending
AGT-021,Ananya Gupta,June-2026,16,13,Inbound,221.7,3.7,74.8,Escalated
AGT-007,Rahul Iyer,June-2026,23,28,Inbound,257.0,3.7,97.5,Resolved
AGT-016,Ananya Verma,May-2026,6,20,Inbound,229.6,5.0,86.2,Resolved
AGT-013,Rahul Wilson,May-2026,10,25,Inbound,216.6,4.6,100.0,Resolved
AGT-004,Priya Nair,May-2026,10,7,Inbound,388.6,2.7,76.6,Resolved
AGT-017,Neha Sharma,July-2026,3,5,Inbound,323.8,3.7,73.8,Resolved
AGT-019,Kavya Gupta,June-2026,26,27,Inbound,263.0,5.0,98.6,Resolved
AGT-004,Priya Nair,March-2026,21,5,Inbound,307.4,3.1,77.9,Resolved
AGT-019,Kavya Gupta,March-2026,22,24,Inbound,299.6,4.8,93.0,Escalated
AGT-012,Kavya Jenkins,June-2026,20,20,Inbound,214.9,5.0,95.4,Resolved
AGT-017,Neha Sharma,February-2026,6,0,Inbound,297.5,2.9,66.8,Resolved
AGT-018,Sarah Iyer,March-2026,3,24,INBOUND,260.0,,100.0,Resolved
AGT-024,James Reddy,April-2026,24,6,Inbound,329.9,3.6,71.6,Unresolved
AGT-010,James Iyer,July-2026,4,11,Inbound,314.6,2.8,65.3,Resolved
AGT-015,Arjun Nair,February-2026,25,9,Inbound,224.9,4.4,85.5,Resolved
AGT-016,Ananya Verma,May-2026,23,20,Inbound,216.4,4.4,91.4,Resolved
AGT-010,James Iyer,June-2026,12,10,Inbound,287.6,3.2,90.7,Resolved
AGT-001,Arjun Jenkins,June-2026,13,20,Inbound,178.4,3.3,94.5,Resolved
AGT-019,Kavya Gupta,February-2026,1,23,Inbound,237.1,5.0,91.3,Resolved
AGT-003,Sarah Reddy,June-2026,15,26,Inbound,208.0,5.0,,Unresolved
AGT-024,James Reddy,February-2026,18,4,Inbound,375.5,3.8,75.4,Unresolved
AGT-014,Priya Iyer,April-2026,16,20,Inbound,277.8,4.7,100.0,Resolved
AGT-022,Michael Iyer,May-2026,19,22,Inbound,256.8,4.3,,Resolved
AGT-015,Arjun Nair,March-2026,15,10,Inbound,244.4,4.7,73.5,Resolved
AGT-014,Priya Iyer,June-2026,16,22,Inbound,273.3,5.0,91.2,Resolved
AGT-011,David Chang,June-2026,22,13,Inbound,185.4,4.5,81.1,Escalated
AGT-017,Neha Sharma,May-2026,24,3,Inbound,353.2,3.9,69.4,Escalated
AGT-019,Kavya Gupta,March-2026,4,24,INBOUND,230.2,4.4,100.0,Resolved
AGT-024,James Reddy,March-2026,16,5,Inbound,282.8,3.4,60.4,Resolved
AGT-017,Neha Sharma,April-2026,20,2,Inbound,313.2,2.5,76.8,Escalated
AGT-024,James Reddy,July-2026,11,9,Inbound,285.0,4.1,82.5,Unresolved
AGT-011,David Chang,February-2026,23,9,Inbound,249.1,4.0,85.7,Resolved
AGT-010,James Iyer,March-2026,7,7,Inbound,335.6,3.5,82.4,Pending
AGT-021,Ananya Gupta,March-2026,18,10,Inbound,360.2,3.5,91.0,Resolved
AGT-019,Kavya Gupta,March-2026,3,24,Inbound,251.4,4.8,100.0,Resolved
AGT-010,James Iyer,May-2026,6,9,Inbound,,3.1,84.6,Resolved
AGT-003,Sarah Reddy,April-2026,10,24,Inbound,269.0,5.0,94.6,Resolved
AGT-016,Ananya Verma,May-2026,25,20,Inbound,314.2,3.9,100.0,Resolved
AGT-005,Rahul Chang,March-2026,26,1,Inbound,336.6,4.5,67.2,Resolved
AGT-022,Michael Iyer,July-2026,21,24,Inbound,214.8,4.6,99.8,Resolved
AGT-020,Rahul Sharma,July-2026,24,14,Inbound,268.2,,81.5,Resolved
AGT-013,Rahul Wilson,February-2026,4,22,Inbound,181.7,5.0,100.0,Resolved
AGT-018,Sarah Iyer,February-2026,18,23,Inbound,250.8,4.1,100.0,Escalated
AGT-019,Kavya Gupta,July-2026,23,28,Inbound,310.9,4.6,100.0,Resolved
AGT-017,Neha Sharma,May-2026,1,3,Inbound,337.9,4.0,67.0,Escalated
AGT-024,James Reddy,June-2026,20,8,Inbound,295.4,4.7,85.9,Resolved
AGT-014,Priya Iyer,July-2026,13,23,Inbound,286.1,5.0,89.1,Resolved
AGT-006,Arjun Nair,March-2026,2,19,Inbound,266.8,5.0,95.9,Resolved
AGT-016,Ananya Verma,May-2026,12,20,Inbound,246.6,4.5,87.5,Resolved
AGT-010,James Iyer,May-2026,25,9,Inbound,241.5,5.0,76.3,Resolved
AGT-001,Arjun Jenkins,February-2026,15,16,Inbound,210.0,4.5,100.0,Resolved
AGT-004,Priya Nair,April-2026,8,6,Inbound,313.0,4.6,58.9,Resolved
AGT-010,James Iyer,April-2026,26,8,Inbound,308.4,3.4,87.7,Resolved
AGT-001,Arjun Jenkins,June-2026,8,20,Inbound,319.7,4.1,88.6,Escalated
AGT-008,Kavya Gupta,June-2026,4,12,Inbound,236.6,4.4,91.1,Unresolved
AGT-011,David Chang,June-2026,23,13,INBOUND,261.4,3.2,96.4,Resolved
AGT-013,Rahul Wilson,April-2026,26,24,Inbound,289.9,4.8,100.0,Pending
AGT-009,Arjun Sharma,April-2026,4,4,Inbound,270.2,3.8,69.7,Escalated
AGT-022,Michael Iyer,July-2026,5,24,Inbound,273.7,5.0,100.0,Resolved
AGT-002,Arjun Sharma,June-2026,24,23,Inbound,193.2,5.0,93.8,Resolved
AGT-015,Arjun Nair,March-2026,20,10,Inbound,285.6,2.6,73.7,Resolved
AGT-025,Arjun Reddy,July-2026,26,27,Inbound,254.1,4.0,93.7,Resolved
AGT-002,Arjun Sharma,February-2026,10,19,Inbound,237.0,5.0,95.7,Resolved
AGT-002,Arjun Sharma,May-2026,18,22,Inbound,347.8,4.2,100.0,Resolved
AGT-009,Arjun Sharma,April-2026,1,4,Inbound,273.2,4.7,69.7,Escalated
AGT-004,Priya Nair,July-2026,24,9,Inbound,262.3,3.2,79.6,Resolved
AGT-015,Arjun Nair,February-2026,26,9,Inbound,291.3,4.4,85.0,Resolved
AGT-013,Rahul Wilson,February-2026,22,22,Inbound,226.4,4.6,97.2,Resolved
AGT-003,Sarah Reddy,May-2026,24,25,Inbound,273.2,,95.4,Resolved
AGT-010,James Iyer,July-2026,13,11,Inbound,231.4,3.7,85.7,Unresolved
AGT-015,Arjun Nair,February-2026,6,9,Inbound,306.8,5.0,,Resolved
AGT-009,Arjun Sharma,February-2026,4,2,Inbound,316.1,2.9,63.7,Unresolved
AGT-010,James Iyer,February-2026,19,6,Inbound,336.7,3.8,71.0,Resolved
AGT-015,Arjun Nair,June-2026,3,13,Inbound,258.1,4.7,85.9,Escalated
AGT-014,Priya Iyer,July-2026,6,23,INBOUND,219.0,5.0,97.0,Resolved
AGT-011,David Chang,April-2026,18,11,Inbound,310.4,3.8,100.0,Resolved
AGT-025,Arjun Reddy,July-2026,23,27,Inbound,225.2,3.4,92.0,Resolved
AGT-020,Rahul Sharma,May-2026,20,12,Inbound,255.0,4.8,78.6,Unresolved
AGT-021,Ananya Gupta,June-2026,4,13,Inbound,254.2,,85.6,Escalated
AGT-020,Rahul Sharma,May-2026,23,12,Inbound,240.0,,88.5,Escalated
AGT-008,Kavya Gupta,February-2026,4,8,Inbound,248.0,5.0,62.7,Resolved
AGT-016,Ananya Verma,July-2026,3,22,Inbound,238.9,5.0,93.0,Pending
AGT-007,Rahul Iyer,February-2026,7,24,Inbound,276.3,5.0,100.0,Resolved
AGT-018,Sarah Iyer,May-2026,12,26,Inbound,239.8,3.9,79.1,Resolved
AGT-020,Rahul Sharma,May-2026,21,12,Inbound,341.3,3.8,77.4,Unresolved
AGT-004,Priya Nair,February-2026,19,4,Inbound,266.4,,85.1,Resolved
AGT-015,Arjun Nair,May-2026,18,12,Inbound,259.5,4.4,86.9,Resolved
AGT-024,James Reddy,June-2026,13,8,Inbound,292.4,3.7,66.4,Resolved
AGT-013,Rahul Wilson,February-2026,1,22,Inbound,279.5,5.0,100.0,Resolved
AGT-005, Rahul Chang ,July-2026,25,5,Inbound,289.8,2.1,82.0,Resolved
AGT-005,Rahul Chang,February-2026,14,0,INBOUND,,3.2,74.7,Resolved
AGT-005,Rahul Chang,July-2026,20,5,Inbound,268.6,,78.2,Escalated
AGT-009,Arjun Sharma,March-2026,4,3,Inbound,371.2,3.4,78.5,Resolved
AGT-019,Kavya Gupta,March-2026,25,24,Inbound,264.5,4.2,93.2,Resolved
AGT-013,Rahul Wilson,April-2026,2,24,Inbound,263.9,4.0,100.0,Escalated
AGT-005,Rahul Chang,May-2026,5,3,Inbound,306.7,3.6,69.0,Pending
AGT-002,Arjun Sharma,May-2026,16,22,Inbound,199.3,4.7,97.4,Resolved
AGT-009,Arjun Sharma,July-2026,9,7,Inbound,314.4,4.2,68.2,Resolved
AGT-021,Ananya Gupta,March-2026,13,10,Inbound,296.4,3.6,79.9,Resolved
AGT-005,Rahul Chang,June-2026,23,4,Inbound,319.4,2.8,83.3,Resolved
AGT-007,Rahul Iyer,July-2026,5,29,Inbound,235.5,5.0,93.1,Resolved
AGT-004,Priya Nair,July-2026,12,9,Inbound,273.8,3.4,63.7,Resolved
AGT-021,Ananya Gupta,February-2026,15,9,Inbound,277.0,3.8,78.7,Unresolved
AGT-017,Neha Sharma,April-2026,1,2,Inbound,351.5,3.3,64.2,Resolved
AGT-011, David Chang ,July-2026,24,14,Inbound,265.7,5.0,85.3,Resolved
AGT-002,Arjun Sharma,May-2026,24,22,Inbound,263.5,5.0,98.6,Resolved
AGT-005,Rahul Chang,May-2026,23,3,Inbound,382.3,3.9,65.7,Escalated
AGT-010,James Iyer,June-2026,1,10,Inbound,289.2,3.5,91.3,Resolved
AGT-014,Priya Iyer,July-2026,9,23,Inbound,191.4,,90.7,Resolved
AGT-009, Arjun Sharma ,May-2026,24,5,Inbound,270.8,2.4,76.0,Resolved
AGT-006, Arjun Nair ,May-2026,22,21,Inbound,233.4,5.0,90.5,Resolved
AGT-020,Rahul Sharma,July-2026,19,14,Inbound,276.3,3.0,79.4,Resolved
AGT-020,Rahul Sharma,May-2026,26,12,Inbound,289.4,5.0,88.9,Resolved
AGT-004,Priya Nair,April-2026,10,6,Inbound,316.0,4.1,85.4,Resolved
AGT-021,Ananya Gupta,March-2026,3,10,Inbound,283.6,3.6,80.1,Resolved
AGT-012,Kavya Jenkins,February-2026,7,16,Inbound,231.8,3.2,100.0,Pending
AGT-001,Arjun Jenkins,May-2026,26,19,Inbound,188.8,4.5,90.5,Resolved
AGT-014,Priya Iyer,June-2026,6,22,Inbound,291.4,4.4,89.8,Resolved
AGT-014,Priya Iyer,May-2026,4,21,Inbound,233.3,4.6,98.1,Unresolved
AGT-017,Neha Sharma,March-2026,6,1,Inbound,270.5,3.3,63.7,Pending
AGT-023,Michael Wilson,February-2026,2,17,Inbound,232.5,4.3,97.9,Resolved
AGT-001,Arjun Jenkins,June-2026,2,20,Inbound,238.0,4.9,100.0,Resolved
AGT-022,Michael Iyer,April-2026,14,21,Inbound,178.0,5.0,87.5,Resolved
AGT-017,Neha Sharma,February-2026,21,0,Inbound,319.0,3.6,61.8,Escalated
AGT-024,James Reddy,May-2026,12,7,Inbound,202.4,4.0,74.6,Escalated
AGT-010,James Iyer,May-2026,12,9,Inbound,252.0,2.8,76.7,Resolved
AGT-013,Rahul Wilson,May-2026,20,25,Inbound,274.4,4.6,99.1,Resolved
AGT-010,James Iyer,July-2026,2,11,Inbound,333.2,5.0,85.5,Resolved
AGT-005,Rahul Chang,April-2026,20,2,Inbound,340.2,3.6,70.6,Escalated
AGT-011,David Chang,April-2026,15,11,INBOUND,288.2,3.7,73.4,Pending
AGT-018,Sarah Iyer,April-2026,2,25,Inbound,227.8,5.0,96.0,Resolved
AGT-025,Arjun Reddy,July-2026,19,27,Inbound,,4.8,100.0,Resolved
AGT-018,Sarah Iyer,June-2026,10,27,Inbound,269.3,4.6,100.0,Resolved
AGT-014,Priya Iyer,June-2026,23,22,Inbound,239.5,4.3,96.1,Resolved
AGT-003,Sarah Reddy,April-2026,5,24,Inbound,239.6,2.9,85.6,Resolved
AGT-021,Ananya Gupta,April-2026,15,11,Inbound,,3.6,86.1,Resolved
AGT-003,Sarah Reddy,February-2026,16,22,Inbound,301.2,4.5,100.0,Resolved
AGT-011,David Chang,May-2026,19,12,Inbound,318.5,3.7,76.9,Resolved
AGT-008, Kavya Gupta ,March-2026,11,9,Inbound,,3.0,75.4,Escalated
AGT-005,Rahul Chang,March-2026,17,1,Inbound,347.0,2.8,68.7,Unresolved
AGT-025,Arjun Reddy,March-2026,11,23,Inbound,271.6,3.4,97.2,Resolved
AGT-015, Arjun Nair ,July-2026,19,14,Inbound,237.6,5.0,95.4,Escalated
AGT-008,Kavya Gupta,May-2026,17,11,Inbound,282.9,3.9,77.8,Resolved
AGT-021,Ananya Gupta,June-2026,26,13,Inbound,236.8,3.5,86.9,Resolved
AGT-017,Neha Sharma,April-2026,14,2,Inbound,328.0,3.2,78.2,Resolved
AGT-025,Arjun Reddy,April-2026,8,24,Inbound,146.9,5.0,96.2,Resolved
AGT-007,Rahul Iyer,February-2026,23,24,Inbound,232.7,4.5,100.0,Resolved
AGT-022,Michael Iyer,June-2026,20,23,Inbound,268.8,5.0,94.1,Pending
AGT-001,Arjun Jenkins,May-2026,21,19,Inbound,190.7,5.0,92.9,Resolved
AGT-004,Priya Nair,June-2026,16,8,Inbound,322.2,4.4,75.0,Resolved
AGT-023,Michael Wilson,April-2026,9,19,Inbound,221.1,4.9,100.0,Escalated
AGT-013,Rahul Wilson,March-2026,15,23,INBOUND,268.0,4.3,98.9,Escalated
AGT-007,Rahul Iyer,May-2026,26,27,Inbound,225.8,5.0,89.8,Resolved
AGT-018,Sarah Iyer,July-2026,24,28,Inbound,257.1,5.0,98.7,Resolved
AGT-008,Kavya Gupta,June-2026,14,12,Inbound,255.3,4.9,92.3,Resolved
AGT-007,Rahul Iyer,March-2026,12,25,Inbound,243.9,5.0,100.0,Resolved
AGT-017,Neha Sharma,May-2026,21,3,Inbound,318.9,3.3,65.6,Resolved
AGT-002,Arjun Sharma,May-2026,12,22,Inbound,252.9,4.4,91.9,Unresolved
AGT-014,Priya Iyer,May-2026,15,21,Inbound,253.3,4.7,94.1,Pending
AGT-006,Arjun Nair,February-2026,16,18,Inbound,241.5,5.0,91.9,Resolved
AGT-008,Kavya Gupta,July-2026,17,13,Inbound,233.3,3.3,83.1,Pending
AGT-023,Michael Wilson,February-2026,21,17,Inbound,256.4,4.6,86.9,Resolved
AGT-016,Ananya Verma,April-2026,23,19,Inbound,,5.0,91.1,Resolved
AGT-001,Arjun Jenkins,May-2026,13,19,Inbound,256.1,4.9,100.0,Resolved
AGT-013,Rahul Wilson,July-2026,13,27,Inbound,254.3,4.6,85.7,Resolved
AGT-001,Arjun Jenkins,July-2026,5,21,Inbound,238.5,4.4,95.3,Resolved
AGT-019,Kavya Gupta,July-2026,10,28,Inbound,228.0,4.3,85.8,Unresolved
AGT-023,Michael Wilson,May-2026,21,20,Inbound,,4.5,99.9,Resolved
AGT-006,Arjun Nair,June-2026,4,22,Inbound,226.7,3.9,84.7,Pending
AGT-018,Sarah Iyer,April-2026,19,25,Inbound,189.6,4.4,100.0,Escalated
AGT-018,Sarah Iyer,July-2026,2,28,Inbound,286.3,4.8,100.0,Unresolved
AGT-014,Priya Iyer,March-2026,1,19,Inbound,235.4,5.0,87.9,Resolved
AGT-019,Kavya Gupta,May-2026,13,26,Inbound,231.9,5.0,100.0,Resolved
AGT-023,Michael Wilson,July-2026,10,22,Inbound,226.3,4.4,93.2,Resolved
AGT-002,Arjun Sharma,March-2026,19,20,Inbound,277.3,4.3,98.8,Escalated
AGT-011,David Chang,June-2026,14,13,Inbound,197.8,4.6,95.4,Resolved
AGT-013,Rahul Wilson,June-2026,23,26,Inbound,262.3,5.0,96.8,Resolved
AGT-023,Michael Wilson,April-2026,22,19,Inbound,234.3,5.0,90.7,Resolved
AGT-012,Kavya Jenkins,May-2026,3,19,Inbound,233.7,5.0,94.4,Resolved
AGT-010,James Iyer,April-2026,5,8,Inbound,262.9,4.7,,Unresolved
AGT-009,Arjun Sharma,July-2026,3,7,Inbound,290.1,2.8,81.2,Resolved
AGT-017,Neha Sharma,July-2026,24,5,Inbound,276.8,5.0,86.2,Resolved
AGT-025,Arjun Reddy,February-2026,4,22,Inbound,208.1,5.0,86.9,Resolved
AGT-017,Neha Sharma,May-2026,10,3,Inbound,311.9,3.0,71.8,Pending
AGT-020,Rahul Sharma,April-2026,2,11,Inbound,262.6,4.0,79.1,Pending
AGT-005,Rahul Chang,June-2026,3,4,Inbound,348.7,3.6,77.7,Resolved
AGT-014,Priya Iyer,April-2026,24,20,Inbound,295.0,5.0,100.0,Resolved
AGT-022,Michael Iyer,July-2026,16,24,Inbound,224.7,5.0,100.0,Resolved
AGT-018,Sarah Iyer,February-2026,20,23,Inbound,269.0,4.0,96.4,Resolved
AGT-001,Arjun Jenkins,June-2026,4,20,Inbound,258.4,3.7,99.6,Pending
AGT-006,Arjun Nair,June-2026,18,22,Inbound,166.3,5.0,100.0,Escalated
AGT-012,Kavya Jenkins,March-2026,1,17,Inbound,184.8,4.6,100.0,Resolved
AGT-023,Michael Wilson,March-2026,3,18,Inbound,284.5,4.5,89.3,Resolved
AGT-009,Arjun Sharma,July-2026,5,7,Inbound,223.4,3.2,81.5,Resolved
AGT-008,Kavya Gupta,April-2026,3,10,Inbound,297.1,4.2,87.0,Resolved
AGT-005,Rahul Chang,February-2026,3,0,Inbound,298.6,3.3,61.4,Resolved
AGT-002,Arjun Sharma,March-2026,14,20,Inbound,256.7,5.0,89.5,Pending
AGT-017,Neha Sharma,March-2026,7,1,Inbound,316.1,3.5,70.6,Resolved
AGT-014,Priya Iyer,June-2026,4,22,Inbound,234.0,5.0,79.2,Escalated
AGT-021,Ananya Gupta,July-2026,25,14,Inbound,281.6,5.0,72.5,Resolved
AGT-018,Sarah Iyer,February-2026,15,23,Inbound,246.1,4.2,92.3,Resolved
AGT-003,Sarah Reddy,March-2026,10,23,Inbound,290.4,5.0,97.8,Resolved
AGT-013,Rahul Wilson,July-2026,10,27,Inbound,281.6,5.0,100.0,Unresolved
AGT-009,Arjun Sharma,February-2026,22,2,Inbound,368.8,3.2,70.0,Unresolved
AGT-015,Arjun Nair,July-2026,25,14,Inbound,275.7,4.7,97.5,Pending
AGT-021,Ananya Gupta,April-2026,19,11,Inbound,281.1,3.1,86.5,Escalated
AGT-014, Priya Iyer ,July-2026,20,23,Inbound,234.9,5.0,97.6,Escalated
AGT-005,Rahul Chang,July-2026,8,5,Inbound,312.3,2.1,,Resolved
AGT-002,Arjun Sharma,July-2026,3,24,INBOUND,216.9,,100.0,Resolved
AGT-021,Ananya Gupta,June-2026,24,13,Inbound,229.2,4.4,100.0,Unresolved
AGT-003,Sarah Reddy,May-2026,22,25,Inbound,316.6,4.8,96.9,Resolved
AGT-016, Ananya Verma ,March-2026,26,18,Inbound,243.9,5.0,84.4,Resolved
AGT-018,Sarah Iyer,May-2026,19,26,Inbound,188.6,4.6,87.1,Resolved
AGT-004,Priya Nair,July-2026,1,9,Inbound,,3.7,69.1,Unresolved
AGT-008,Kavya Gupta,March-2026,19,9,Inbound,272.4,3.2,85.1,Resolved
AGT-006,Arjun Nair,July-2026,1,23,Inbound,271.3,4.2,93.9,Resolved
AGT-011,David Chang,March-2026,18,10,Inbound,236.5,2.7,92.0,Resolved
AGT-002,Arjun Sharma,March-2026,20,20,Inbound,281.2,3.9,99.8,Resolved
AGT-007,Rahul Iyer,March-2026,4,25,Inbound,216.2,5.0,96.0,Resolved
AGT-024,James Reddy,June-2026,8,8,Inbound,314.5,5.0,72.4,Resolved
AGT-014,Priya Iyer,February-2026,6,18,Inbound,301.7,5.0,,Resolved
AGT-014,Priya Iyer,February-2026,9,18,Inbound,229.5,4.1,100.0,Unresolved
AGT-018,Sarah Iyer,June-2026,23,27,Inbound,152.1,4.6,95.1,Escalated
AGT-019,Kavya Gupta,May-2026,3,26,Inbound,262.8,4.6,99.5,Resolved
AGT-017,Neha Sharma,April-2026,4,2,Inbound,273.9,3.7,65.2,Pending
AGT-023,Michael Wilson,April-2026,5,19,Inbound,249.2,4.8,82.1,Resolved
AGT-008,Kavya Gupta,July-2026,16,13,Inbound,231.4,4.5,75.8,Resolved
AGT-025,Arjun Reddy,April-2026,4,24,INBOUND,226.4,5.0,100.0,Resolved
AGT-022,Michael Iyer,April-2026,24,21,INBOUND,262.8,4.6,100.0,Resolved
AGT-015,Arjun Nair,July-2026,23,14,Inbound,240.0,3.8,85.9,Resolved
AGT-022,Michael Iyer,March-2026,10,20,Inbound,207.9,5.0,,Escalated
AGT-007,Rahul Iyer,March-2026,17,25,Inbound,230.6,5.0,84.8,Resolved
AGT-025,Arjun Reddy,May-2026,23,25,Inbound,229.5,4.9,100.0,Resolved
AGT-007,Rahul Iyer,June-2026,2,28,Inbound,290.0,5.0,80.1,Escalated
AGT-022,Michael Iyer,July-2026,24,24,Inbound,281.5,4.1,100.0,Resolved
AGT-004,Priya Nair,July-2026,19,9,Inbound,278.9,3.9,90.8,Pending
AGT-009,Arjun Sharma,April-2026,16,4,Inbound,401.0,3.0,77.0,Unresolved
AGT-022,Michael Iyer,March-2026,24,20,Inbound,220.2,5.0,94.2,Resolved
AGT-023,Michael Wilson,July-2026,21,22,Inbound,285.2,4.9,100.0,Resolved
AGT-015,Arjun Nair,April-2026,17,11,Inbound,309.7,5.0,72.6,Resolved
AGT-019,Kavya Gupta,May-2026,25,26,Inbound,253.8,5.0,96.1,Resolved
AGT-011,David Chang,February-2026,16,9,Inbound,304.4,3.4,74.1,Escalated
AGT-015,Arjun Nair,June-2026,12,13,Inbound,246.4,5.0,87.8,Escalated
AGT-007,Rahul Iyer,June-2026,5,28,Inbound,248.6,5.0,89.7,Resolved
AGT-002,Arjun Sharma,July-2026,4,24,Inbound,235.8,4.0,90.8,Resolved
AGT-009,Arjun Sharma,May-2026,10,5,Inbound,274.9,3.3,67.9,Resolved
AGT-007,Rahul Iyer,February-2026,24,24,Inbound,247.5,,89.1,Resolved
AGT-013,Rahul Wilson,February-2026,15,22,Inbound,226.7,4.1,89.9,Resolved
AGT-012,Kavya Jenkins,May-2026,20,19,Inbound,258.0,4.1,90.9,Resolved
AGT-015,Arjun Nair,June-2026,19,13,Inbound,330.8,3.8,96.6,Resolved
AGT-011,David Chang,June-2026,12,13,Inbound,311.6,4.9,88.4,Pending
AGT-010,James Iyer,July-2026,12,11,INBOUND,315.8,,74.2,Resolved
AGT-008,Kavya Gupta,June-2026,11,12,Inbound,321.2,4.4,78.2,Escalated
AGT-011,David Chang,May-2026,2,12,Inbound,261.1,4.1,83.8,Escalated
AGT-025,Arjun Reddy,March-2026,3,23,Inbound,236.1,5.0,100.0,Resolved
AGT-019,Kavya Gupta,July-2026,26,28,Inbound,222.6,5.0,94.3,Resolved
AGT-021,Ananya Gupta,July-2026,17,14,Inbound,219.8,,100.0,Escalated
AGT-018,Sarah Iyer,April-2026,11,25,Inbound,282.1,4.7,100.0,Resolved
AGT-011,David Chang,July-2026,18,14,Inbound,309.7,4.3,100.0,Resolved
AGT-018,Sarah Iyer,May-2026,22,26,Inbound,241.8,5.0,75.5,Resolved
AGT-002,Arjun Sharma,July-2026,17,24,Inbound,267.1,5.0,91.1,Resolved
AGT-006,Arjun Nair,June-2026,12,22,Inbound,280.8,5.0,87.6,Pending
AGT-025,Arjun Reddy,July-2026,9,27,INBOUND,302.6,3.8,100.0,Resolved
AGT-017,Neha Sharma,March-2026,21,1,Inbound,327.3,2.7,66.2,Resolved
AGT-014,Priya Iyer,March-2026,6,19,Inbound,235.8,5.0,100.0,Resolved
AGT-014,Priya Iyer,July-2026,22,23,Inbound,249.6,5.0,93.5,Resolved
AGT-009,Arjun Sharma,June-2026,16,6,Inbound,349.5,4.0,,Resolved
AGT-008,Kavya Gupta,March-2026,25,9,Inbound,272.6,4.0,79.5,Resolved
AGT-022,Michael Iyer,February-2026,17,19,Inbound,289.4,5.0,91.9,Resolved
AGT-019,Kavya Gupta,July-2026,4,28,Inbound,343.6,3.4,93.3,Resolved
AGT-002,Arjun Sharma,March-2026,18,20,Inbound,242.9,5.0,100.0,Resolved
AGT-006,Arjun Nair,May-2026,6,21,Inbound,255.6,4.1,100.0,Resolved
AGT-022,Michael Iyer,April-2026,22,21,Inbound,208.3,4.3,100.0,Resolved
AGT-011,David Chang,May-2026,7,12,Inbound,266.0,4.1,83.5,Escalated
AGT-021,Ananya Gupta,February-2026,24,9,Inbound,271.9,3.7,83.3,Resolved
AGT-004,Priya Nair,February-2026,21,4,Inbound,235.7,2.9,73.6,Resolved
AGT-019,Kavya Gupta,July-2026,15,28,Inbound,247.3,4.7,,Resolved
AGT-021,Ananya Gupta,May-2026,8,12,INBOUND,263.3,3.7,90.6,Pending
AGT-015, Arjun Nair ,July-2026,15,14,INBOUND,205.1,3.9,88.0,Pending
AGT-022,Michael Iyer,July-2026,7,24,Inbound,201.8,5.0,,Resolved
AGT-021,Ananya Gupta,May-2026,22,12,Inbound,267.6,3.0,81.8,Resolved
AGT-012,Kavya Jenkins,February-2026,4,16,INBOUND,230.2,4.0,100.0,Resolved
AGT-025,Arjun Reddy,April-2026,18,24,Inbound,251.2,5.0,100.0,Resolved
AGT-003,Sarah Reddy,May-2026,4,25,Inbound,272.7,5.0,83.3,Resolved
AGT-001,Arjun Jenkins,April-2026,15,18,Inbound,272.8,5.0,100.0,Resolved
AGT-025,Arjun Reddy,May-2026,8,25,Inbound,258.1,4.8,95.4,Resolved
AGT-006,Arjun Nair,April-2026,13,20,Inbound,236.3,4.6,98.4,Resolved
AGT-008,Kavya Gupta,July-2026,11,13,Inbound,249.5,4.0,86.1,Resolved
AGT-022,Michael Iyer,April-2026,26,21,Inbound,306.5,4.7,94.7,Resolved
AGT-004,Priya Nair,July-2026,5,9,Inbound,263.6,,77.8,Resolved
AGT-002,Arjun Sharma,April-2026,21,21,Inbound,254.4,3.3,91.2,Resolved
AGT-003,Sarah Reddy,May-2026,11,25,Inbound,195.5,4.8,83.3,Resolved
AGT-008,Kavya Gupta,July-2026,26,13,Inbound,215.2,4.5,68.8,Resolved
AGT-012,Kavya Jenkins,March-2026,16,17,Inbound,271.0,,94.2,Resolved
AGT-011,David Chang,July-2026,25,14,Inbound,286.9,3.5,100.0,Resolved
AGT-012,Kavya Jenkins,June-2026,19,20,Inbound,234.2,4.2,100.0,Escalated
AGT-001,Arjun Jenkins,February-2026,1,16,Inbound,247.3,3.9,84.0,Resolved
AGT-023,Michael Wilson,April-2026,13,19,Inbound,235.3,4.3,100.0,Resolved
AGT-023,Michael Wilson,June-2026,12,21,Inbound,271.1,4.1,93.7,Resolved
AGT-017,Neha Sharma,February-2026,25,0,Inbound,,2.3,67.0,Pending
AGT-023,Michael Wilson,February-2026,9,17,Inbound,296.2,3.4,92.2,Resolved
AGT-003,Sarah Reddy,June-2026,14,26,Inbound,230.5,5.0,95.7,Resolved
AGT-010,James Iyer,March-2026,9,7,Inbound,281.4,4.1,87.8,Resolved
AGT-022,Michael Iyer,April-2026,9,21,Inbound,224.4,4.4,96.2,Resolved
AGT-016,Ananya Verma,May-2026,20,20,Inbound,183.2,5.0,97.0,Resolved
AGT-017,Neha Sharma,February-2026,11,0,Inbound,331.0,3.3,,Resolved
AGT-022,Michael Iyer,April-2026,16,21,Inbound,209.7,3.4,84.7,Resolved
AGT-005,Rahul Chang,March-2026,3,1,Inbound,,3.3,60.1,Resolved
AGT-017,Neha Sharma,June-2026,19,4,Inbound,329.4,3.1,79.4,Unresolved
AGT-023,Michael Wilson,March-2026,1,18,INBOUND,280.0,4.0,81.8,Resolved
AGT-008,Kavya Gupta,May-2026,18,11,Inbound,349.3,3.9,86.2,Unresolved
AGT-025,Arjun Reddy,February-2026,12,22,Inbound,247.8,5.0,94.4,Pending
AGT-005,Rahul Chang,June-2026,7,4,Inbound,285.6,4.1,67.9,Pending
AGT-018,Sarah Iyer,June-2026,26,27,Inbound,,5.0,100.0,Resolved
AGT-001,Arjun Jenkins,March-2026,2,17,Inbound,254.9,5.0,96.5,Escalated
AGT-019,Kavya Gupta,April-2026,16,25,Inbound,239.7,5.0,85.7,Resolved
AGT-022,Michael Iyer,July-2026,8,24,Inbound,294.9,4.1,88.9,Resolved
AGT-009,Arjun Sharma,June-2026,18,6,Inbound,312.8,,76.9,Resolved
AGT-013,Rahul Wilson,March-2026,21,23,Inbound,209.7,3.6,99.4,Resolved
AGT-024,James Reddy,June-2026,15,8,Inbound,285.2,4.5,84.9,Pending
AGT-017,Neha Sharma,March-2026,2,1,Inbound,,3.8,61.2,Resolved
AGT-008,Kavya Gupta,March-2026,4,9,Inbound,294.2,3.5,79.3,Resolved
AGT-002,Arjun Sharma,June-2026,18,23,Inbound,284.9,4.3,92.4,Resolved
AGT-007,Rahul Iyer,July-2026,15,29,Inbound,295.0,5.0,98.0,Resolved
AGT-008,Kavya Gupta,July-2026,21,13,Inbound,325.3,4.4,100.0,Resolved
AGT-019,Kavya Gupta,June-2026,12,27,Inbound,298.3,5.0,97.5,Unresolved
AGT-010,James Iyer,April-2026,16,8,INBOUND,250.8,3.1,60.2,Resolved
AGT-009,Arjun Sharma,May-2026,22,5,Inbound,362.9,3.1,73.2,Resolved
AGT-017,Neha Sharma,June-2026,23,4,Inbound,375.6,4.2,60.1,Unresolved
AGT-024,James Reddy,February-2026,22,4,Inbound,350.4,2.6,68.6,Escalated
AGT-022,Michael Iyer,May-2026,25,22,Inbound,186.0,5.0,100.0,Resolved
AGT-011,David Chang,June-2026,16,13,Inbound,283.5,4.1,77.6,Resolved
AGT-014,Priya Iyer,February-2026,20,18,Inbound,206.7,5.0,100.0,Resolved
AGT-013,Rahul Wilson,May-2026,26,25,Inbound,235.9,5.0,100.0,Resolved
AGT-022,Michael Iyer,February-2026,22,19,Inbound,307.5,4.4,99.6,Resolved
AGT-025,Arjun Reddy,July-2026,20,27,Inbound,248.3,3.7,100.0,Pending
AGT-003,Sarah Reddy,July-2026,4,27,Inbound,242.9,,93.6,Resolved
AGT-021,Ananya Gupta,July-2026,8,14,Inbound,271.0,4.3,87.2,Resolved
AGT-014,Priya Iyer,July-2026,11,23,Inbound,377.4,4.5,100.0,Escalated
AGT-012,Kavya Jenkins,April-2026,14,18,Inbound,198.7,3.2,87.1,Resolved
AGT-016,Ananya Verma,March-2026,18,18,Inbound,231.1,5.0,100.0,Resolved
AGT-018,Sarah Iyer,March-2026,21,24,Inbound,276.1,4.7,92.2,Escalated
AGT-008,Kavya Gupta,June-2026,15,12,Inbound,269.0,3.5,78.5,Resolved
AGT-022,Michael Iyer,April-2026,8,21,Inbound,198.5,4.9,100.0,Resolved
AGT-014,Priya Iyer,February-2026,18,18,Inbound,284.1,4.0,91.1,Resolved
AGT-005,Rahul Chang,May-2026,4,3,Inbound,375.1,3.0,71.7,Pending
AGT-009,Arjun Sharma,March-2026,22,3,Inbound,287.9,3.6,69.3,Resolved
AGT-016,Ananya Verma,May-2026,26,20,Inbound,227.9,5.0,78.1,Resolved
AGT-013,Rahul Wilson,May-2026,12,25,INBOUND,238.4,4.0,98.4,Resolved
AGT-007,Rahul Iyer,June-2026,6,28,Inbound,309.0,5.0,100.0,Resolved
AGT-010,James Iyer,July-2026,8,11,Inbound,214.4,3.7,89.8,Resolved
AGT-023,Michael Wilson,March-2026,21,18,Inbound,222.6,4.0,89.7,Resolved
AGT-019,Kavya Gupta,March-2026,14,24,Inbound,219.2,4.8,96.4,Resolved
AGT-017,Neha Sharma,March-2026,22,1,Inbound,320.3,4.2,63.4,Escalated
AGT-025,Arjun Reddy,February-2026,26,22,Inbound,287.7,5.0,96.3,Escalated
AGT-017,Neha Sharma,March-2026,5,1,Inbound,366.2,3.1,,Escalated
AGT-010,James Iyer,March-2026,6,7,Inbound,370.0,3.6,71.2,Resolved
AGT-011,David Chang,April-2026,6,11,Inbound,273.3,4.2,82.0,Resolved
AGT-024,James Reddy,March-2026,18,5,Inbound,284.8,4.5,72.7,Resolved
AGT-014,Priya Iyer,June-2026,14,22,Inbound,263.5,4.1,86.3,Resolved
AGT-017,Neha Sharma,July-2026,15,5,Inbound,209.8,3.8,86.1,Unresolved
AGT-011,David Chang,June-2026,5,13,Inbound,222.7,4.2,97.0,Pending
AGT-012,Kavya Jenkins,February-2026,22,16,Inbound,243.8,3.9,90.2,Escalated
AGT-023,Michael Wilson,February-2026,5,17,Inbound,316.1,4.9,82.3,Unresolved
AGT-002,Arjun Sharma,June-2026,20,23,Inbound,236.0,5.0,100.0,Resolved
AGT-025,Arjun Reddy,May-2026,3,25,Inbound,246.5,4.1,93.7,Resolved
AGT-001,Arjun Jenkins,May-2026,23,19,Inbound,237.5,4.7,88.8,Resolved
AGT-024,James Reddy,March-2026,5,5,Inbound,290.3,2.6,73.8,Resolved
AGT-011,David Chang,February-2026,25,9,Inbound,290.5,3.8,89.4,Resolved
AGT-025,Arjun Reddy,April-2026,2,24,Inbound,261.9,2.8,79.6,Resolved
AGT-016,Ananya Verma,April-2026,19,19,Inbound,235.0,5.0,98.3,Escalated
AGT-011,David Chang,June-2026,6,13,Inbound,269.2,4.1,,Unresolved
AGT-006,Arjun Nair,May-2026,3,21,Inbound,222.1,4.7,98.6,Resolved
AGT-011,David Chang,June-2026,13,13,Inbound,247.0,3.9,87.4,Resolved
AGT-002,Arjun Sharma,February-2026,6,19,Inbound,204.1,5.0,90.5,Unresolved
AGT-016,Ananya Verma,March-2026,16,18,Inbound,255.0,3.9,95.4,Resolved
AGT-021,Ananya Gupta,April-2026,8,11,Inbound,268.3,5.0,75.9,Escalated
AGT-017,Neha Sharma,June-2026,5,4,Inbound,328.7,3.4,70.6,Escalated
AGT-017,Neha Sharma,May-2026,22,3,Inbound,270.8,3.9,61.0,Unresolved
AGT-008,Kavya Gupta,April-2026,15,10,Inbound,275.4,4.2,91.2,Unresolved
AGT-017,Neha Sharma,March-2026,22,1,Inbound,320.3,4.2,63.4,Escalated
AGT-022,Michael Iyer,April-2026,11,21,Inbound,287.7,5.0,88.3,Resolved
AGT-015,Arjun Nair,March-2026,18,10,Inbound,304.5,3.3,98.7,Pending
AGT-020, Rahul Sharma ,March-2026,21,10,Inbound,286.3,3.8,67.6,Resolved
AGT-006,Arjun Nair,March-2026,19,19,Inbound,248.5,4.9,88.6,Resolved
AGT-010,James Iyer,February-2026,3,6,Inbound,284.2,,76.6,Unresolved
AGT-013, Rahul Wilson ,May-2026,23,25,Inbound,287.0,2.9,91.1,Resolved
AGT-006,Arjun Nair,July-2026,20,23,Inbound,344.5,4.3,85.1,Resolved
AGT-020,Rahul Sharma,July-2026,15,14,Inbound,279.9,4.3,100.0,Resolved
AGT-015,Arjun Nair,March-2026,16,10,Inbound,277.8,5.0,77.4,Resolved
AGT-012,Kavya Jenkins,June-2026,6,20,Inbound,308.1,4.6,94.4,Escalated
AGT-002,Arjun Sharma,March-2026,17,20,Inbound,267.3,4.9,100.0,Resolved
AGT-010,James Iyer,March-2026,12,7,Inbound,280.2,2.9,83.7,Resolved
AGT-006,Arjun Nair,March-2026,23,19,Inbound,258.3,5.0,,Resolved
AGT-011,David Chang,July-2026,1,14,Inbound,289.9,4.1,100.0,Resolved
AGT-006,Arjun Nair,June-2026,14,22,Inbound,218.6,5.0,100.0,Resolved
AGT-008,Kavya Gupta,July-2026,25,13,Inbound,251.9,5.0,92.0,Resolved
AGT-005,Rahul Chang,June-2026,16,4,Inbound,338.1,2.6,66.7,Resolved
AGT-010,James Iyer,May-2026,3,9,Inbound,229.2,5.0,85.8,Resolved
AGT-025,Arjun Reddy,May-2026,4,25,Inbound,285.9,5.0,90.9,Resolved
AGT-012,Kavya Jenkins,June-2026,7,20,Inbound,248.2,5.0,92.9,Resolved
AGT-020,Rahul Sharma,June-2026,26,13,Inbound,227.5,,100.0,Escalated
AGT-008,Kavya Gupta,May-2026,9,11,Inbound,305.9,4.0,92.2,Resolved
AGT-005,Rahul Chang,February-2026,19,0,Inbound,288.5,2.5,61.7,Pending
AGT-007,Rahul Iyer,March-2026,13,25,Inbound,239.5,4.3,91.0,Resolved
AGT-016,Ananya Verma,June-2026,5,21,Inbound,226.4,4.5,82.7,Escalated
AGT-007,Rahul Iyer,May-2026,18,27,Inbound,239.0,4.0,84.8,Resolved
AGT-024,James Reddy,March-2026,25,5,Inbound,322.8,3.4,69.4,Resolved
AGT-004,Priya Nair,June-2026,1,8,Inbound,301.1,4.8,78.3,Resolved
AGT-025,Arjun Reddy,July-2026,12,27,Inbound,223.4,5.0,100.0,Resolved
AGT-013,Rahul Wilson,April-2026,18,24,Inbound,266.4,4.9,98.9,Resolved
AGT-015,Arjun Nair,March-2026,6,10,Inbound,265.4,4.1,100.0,Unresolved
AGT-015,Arjun Nair,May-2026,15,12,Inbound,306.3,4.6,87.7,Escalated
AGT-009,Arjun Sharma,April-2026,18,4,Inbound,259.8,4.4,61.4,Resolved
AGT-016,Ananya Verma,February-2026,22,17,Inbound,237.1,3.6,84.7,Resolved
AGT-001,Arjun Jenkins,July-2026,19,21,Inbound,319.4,5.0,91.3,Resolved
AGT-006, Arjun Nair ,June-2026,15,22,Inbound,272.6,4.3,91.6,Resolved
AGT-014,Priya Iyer,June-2026,8,22,Inbound,278.2,4.7,100.0,Unresolved
AGT-013,Rahul Wilson,July-2026,8,27,Inbound,273.1,5.0,100.0,Resolved
AGT-023,Michael Wilson,June-2026,19,21,Inbound,209.7,4.1,93.1,Resolved
AGT-024,James Reddy,June-2026,11,8,Inbound,297.4,3.9,76.2,Escalated
AGT-022,Michael Iyer,June-2026,2,23,Inbound,255.0,4.5,82.5,Resolved
AGT-010,James Iyer,June-2026,13,10,Inbound,234.5,3.3,80.4,Escalated
AGT-007,Rahul Iyer,July-2026,24,29,Inbound,347.5,3.5,86.4,Escalated
AGT-008,Kavya Gupta,March-2026,26,9,Inbound,225.0,5.0,68.5,Resolved
AGT-016,Ananya Verma,June-2026,23,21,Inbound,278.4,3.8,86.1,Pending
AGT-020,Rahul Sharma,April-2026,17,11,Inbound,209.5,4.0,76.3,Escalated
AGT-008,Kavya Gupta,July-2026,5,13,Inbound,,5.0,98.3,Resolved
AGT-003,Sarah Reddy,July-2026,6,27,Inbound,264.3,3.5,100.0,Resolved
AGT-012,Kavya Jenkins,April-2026,10,18,INBOUND,244.6,5.0,96.3,Resolved
AGT-004,Priya Nair,April-2026,14,6,Inbound,291.9,3.3,72.6,Resolved
AGT-011,David Chang,June-2026,10,13,INBOUND,296.5,3.5,74.0,Resolved
AGT-022,Michael Iyer,April-2026,2,21,Inbound,211.8,4.9,92.6,Resolved
AGT-020,Rahul Sharma,July-2026,22,14,Inbound,314.9,3.3,92.4,Resolved
AGT-015,Arjun Nair,June-2026,4,13,INBOUND,197.5,5.0,93.2,Resolved
AGT-011,David Chang,April-2026,22,11,INBOUND,251.8,4.1,85.1,Unresolved
AGT-023,Michael Wilson,June-2026,8,21,Inbound,244.5,4.9,97.1,Resolved
AGT-018,Sarah Iyer,June-2026,19,27,INBOUND,258.8,4.4,95.3,Resolved
AGT-020,Rahul Sharma,March-2026,4,10,Inbound,286.0,4.4,87.4,Escalated
AGT-005,Rahul Chang,July-2026,7,5,Inbound,354.7,1.8,80.9,Resolved
AGT-009,Arjun Sharma,March-2026,23,3,Inbound,271.4,3.5,71.7,Pending
AGT-002,Arjun Sharma,February-2026,8,19,Inbound,243.9,5.0,80.3,Escalated
AGT-012,Kavya Jenkins,April-2026,9,18,Inbound,206.8,4.2,94.5,Resolved
AGT-005,Rahul Chang,April-2026,2,2,Inbound,319.6,3.9,64.3,Resolved
AGT-010,James Iyer,June-2026,26,10,Inbound,333.7,3.8,80.6,Resolved
AGT-021,Ananya Gupta,June-2026,17,13,Inbound,237.2,3.8,96.5,Resolved
AGT-017,Neha Sharma,March-2026,4,1,Inbound,324.4,3.7,58.4,Escalated
AGT-003,Sarah Reddy,July-2026,25,27,Inbound,225.0,4.4,93.6,Resolved
AGT-008,Kavya Gupta,May-2026,14,11,Inbound,322.3,4.7,83.6,Resolved
AGT-013,Rahul Wilson,February-2026,26,22,Inbound,237.2,,99.9,Resolved
AGT-007,Rahul Iyer,May-2026,6,27,Inbound,279.9,5.0,100.0,Escalated
AGT-003,Sarah Reddy,May-2026,12,25,Inbound,221.1,4.9,78.4,Resolved
AGT-012,Kavya Jenkins,May-2026,4,19,Inbound,230.8,5.0,100.0,Resolved
AGT-020,Rahul Sharma,July-2026,1,14,Inbound,261.7,3.5,100.0,Resolved
AGT-025,Arjun Reddy,July-2026,4,27,Inbound,253.7,3.5,99.7,Resolved
AGT-002,Arjun Sharma,July-2026,16,24,INBOUND,,3.9,99.7,Resolved
AGT-024,James Reddy,March-2026,26,5,Inbound,356.8,3.6,79.5,Pending
AGT-021,Ananya Gupta,April-2026,13,11,Inbound,276.4,,88.8,Pending
AGT-025, Arjun Reddy ,February-2026,5,22,Inbound,247.3,5.0,93.4,Resolved
AGT-023,Michael Wilson,April-2026,4,19,Inbound,307.7,4.4,82.5,Resolved
AGT-002,Arjun Sharma,February-2026,22,19,Inbound,291.2,4.7,95.6,Resolved
AGT-011,David Chang,April-2026,14,11,Inbound,246.7,4.7,81.1,Resolved
AGT-006,Arjun Nair,May-2026,16,21,Inbound,202.7,5.0,90.4,Resolved
AGT-003,Sarah Reddy,June-2026,10,26,Inbound,171.3,5.0,84.2,Resolved
AGT-024,James Reddy,May-2026,3,7,Inbound,343.3,4.2,81.8,Resolved
AGT-006,Arjun Nair,May-2026,18,21,Inbound,253.3,5.0,100.0,Unresolved
AGT-014,Priya Iyer,June-2026,5,22,Inbound,225.9,4.4,85.8,Resolved
AGT-002,Arjun Sharma,March-2026,21,20,Inbound,266.7,4.8,78.0,Resolved
AGT-015, Arjun Nair ,February-2026,2,9,Inbound,360.8,4.4,94.3,Unresolved
AGT-012,Kavya Jenkins,February-2026,6,16,Inbound,238.6,3.0,100.0,Resolved
AGT-010,James Iyer,July-2026,26,11,Inbound,206.8,4.3,,Resolved
AGT-017,Neha Sharma,June-2026,8,4,Inbound,308.2,4.0,75.1,Resolved
AGT-022,Michael Iyer,June-2026,22,23,Inbound,299.4,4.6,87.5,Resolved
AGT-009,Arjun Sharma,June-2026,3,6,Inbound,307.7,4.4,71.1,Pending
AGT-015,Arjun Nair,June-2026,22,13,Inbound,178.7,4.4,89.0,Resolved
AGT-019,Kavya Gupta,June-2026,16,27,Inbound,187.6,5.0,93.7,Resolved
AGT-001,Arjun Jenkins,February-2026,9,16,Inbound,235.8,,95.6,Resolved
AGT-003,Sarah Reddy,July-2026,16,27,Inbound,294.6,4.1,93.3,Unresolved
AGT-004,Priya Nair,July-2026,9,9,Inbound,278.4,4.2,90.3,Resolved
AGT-022,Michael Iyer,May-2026,21,22,Inbound,,4.1,93.7,Escalated
AGT-020,Rahul Sharma,June-2026,10,13,Inbound,231.9,4.7,92.8,Pending
AGT-020,Rahul Sharma,July-2026,20,14,Inbound,231.3,5.0,97.3,Resolved
AGT-007,Rahul Iyer,May-2026,21,27,Inbound,251.6,4.5,85.8,Resolved
AGT-005,Rahul Chang,April-2026,11,2,Inbound,271.9,2.9,52.3,Unresolved
AGT-002,Arjun Sharma,June-2026,2,23,Inbound,226.1,5.0,100.0,Escalated
AGT-002,Arjun Sharma,February-2026,5,19,Inbound,260.6,4.1,100.0,Escalated
AGT-008,Kavya Gupta,February-2026,26,8,Inbound,275.9,4.8,91.8,Resolved
AGT-021,Ananya Gupta,February-2026,10,9,Inbound,293.6,2.3,76.3,Resolved
AGT-016,Ananya Verma,March-2026,19,18,Inbound,155.5,4.8,99.5,Resolved
AGT-015,Arjun Nair,June-2026,13,13,Inbound,247.8,3.8,96.0,Resolved
AGT-008,Kavya Gupta,June-2026,24,12,Inbound,270.9,3.6,85.2,Unresolved
AGT-014,Priya Iyer,March-2026,26,19,Inbound,255.0,4.7,83.8,Resolved
AGT-025,Arjun Reddy,May-2026,25,25,Inbound,301.0,5.0,92.1,Resolved
AGT-013,Rahul Wilson,March-2026,6,23,Inbound,175.7,3.9,87.6,Resolved
AGT-025,Arjun Reddy,February-2026,14,22,Inbound,243.0,5.0,100.0,Unresolved
AGT-011,David Chang,June-2026,20,13,Inbound,254.8,4.1,88.3,Resolved
AGT-013,Rahul Wilson,April-2026,23,24,Inbound,188.1,4.5,96.0,Escalated
AGT-022,Michael Iyer,February-2026,19,19,Inbound,224.2,4.5,100.0,Resolved
AGT-024, James Reddy ,July-2026,22,9,Inbound,381.8,2.6,70.8,Resolved
AGT-010,James Iyer,June-2026,22,10,Inbound,257.0,3.7,75.3,Resolved
AGT-025,Arjun Reddy,June-2026,3,26,Inbound,318.5,4.7,100.0,Resolved
AGT-018,Sarah Iyer,February-2026,16,23,Inbound,213.3,,88.1,Resolved
AGT-002,Arjun Sharma,March-2026,11,20,INBOUND,262.9,3.9,78.8,Resolved
AGT-022,Michael Iyer,July-2026,10,24,Inbound,211.5,5.0,90.4,Unresolved
AGT-016,Ananya Verma,April-2026,9,19,Inbound,278.4,4.6,85.9,Resolved
AGT-013,Rahul Wilson,July-2026,11,27,Inbound,331.5,5.0,98.2,Pending
AGT-012,Kavya Jenkins,April-2026,16,18,Inbound,365.9,5.0,85.6,Resolved
AGT-007,Rahul Iyer,April-2026,22,26,Inbound,272.5,4.9,95.8,Resolved
AGT-019,Kavya Gupta,March-2026,7,24,Inbound,,5.0,100.0,Resolved
AGT-020,Rahul Sharma,June-2026,19,13,Inbound,285.3,3.8,86.8,Resolved
AGT-025,Arjun Reddy,July-2026,22,27,Inbound,239.9,5.0,100.0,Resolved
AGT-019,Kavya Gupta,May-2026,7,26,Inbound,249.7,4.9,99.6,Escalated
AGT-013,Rahul Wilson,April-2026,17,24,Inbound,301.4,4.4,100.0,Resolved
AGT-010,James Iyer,April-2026,2,8,Inbound,242.0,4.5,78.6,Pending
AGT-008,Kavya Gupta,June-2026,22,12,Inbound,268.0,3.5,79.8,Resolved
AGT-022,Michael Iyer,March-2026,13,20,Inbound,281.9,5.0,97.7,Pending
AGT-016,Ananya Verma,June-2026,7,21,Inbound,250.5,4.9,90.8,Unresolved
AGT-011,David Chang,March-2026,16,10,Inbound,233.3,3.8,73.7,Resolved
AGT-020,Rahul Sharma,April-2026,12,11,Inbound,291.1,4.0,83.6,Pending
AGT-023,Michael Wilson,May-2026,16,20,Inbound,339.9,4.4,87.9,Resolved
AGT-022,Michael Iyer,July-2026,9,24,Inbound,267.5,5.0,87.2,Escalated
AGT-003,Sarah Reddy,April-2026,3,24,Inbound,261.8,5.0,98.4,Resolved
AGT-015,Arjun Nair,March-2026,11,10,Inbound,268.8,4.7,94.2,Resolved
AGT-023,Michael Wilson,June-2026,1,21,Inbound,287.3,4.1,100.0,Escalated
AGT-025,Arjun Reddy,June-2026,20,26,Inbound,271.7,4.2,100.0,Resolved
AGT-019,Kavya Gupta,March-2026,21,24,Inbound,254.5,5.0,99.1,Resolved
AGT-020,Rahul Sharma,April-2026,11,11,Inbound,299.1,3.4,84.3,Resolved
AGT-023,Michael Wilson,March-2026,9,18,Inbound,292.8,5.0,100.0,Unresolved
AGT-009,Arjun Sharma,February-2026,2,2,Inbound,326.8,2.5,57.9,Unresolved
AGT-018,Sarah Iyer,July-2026,25,28,Inbound,294.8,4.2,96.4,Resolved
AGT-009,Arjun Sharma,February-2026,23,2,Inbound,288.7,2.1,61.9,Resolved
AGT-015,Arjun Nair,March-2026,2,10,Inbound,299.3,4.2,85.5,Resolved
AGT-003,Sarah Reddy,April-2026,4,24,Inbound,227.6,5.0,100.0,Resolved
AGT-018,Sarah Iyer,May-2026,23,26,Inbound,241.7,3.7,100.0,Resolved
AGT-022,Michael Iyer,June-2026,1,23,Inbound,238.8,3.3,87.0,Resolved
AGT-020,Rahul Sharma,July-2026,4,14,Inbound,331.7,3.0,93.7,Resolved
AGT-007,Rahul Iyer,June-2026,20,28,Inbound,170.9,3.9,84.2,Resolved
AGT-005,Rahul Chang,May-2026,21,3,Inbound,311.9,2.8,75.6,Unresolved
AGT-005,Rahul Chang,May-2026,2,3,Inbound,290.0,4.5,65.2,Resolved
AGT-021,Ananya Gupta,July-2026,4,14,Inbound,312.9,4.2,100.0,Resolved
AGT-006,Arjun Nair,April-2026,11,20,Inbound,284.5,3.9,93.1,Resolved
AGT-001,Arjun Jenkins,February-2026,26,16,Inbound,295.0,5.0,92.9,Resolved
AGT-002,Arjun Sharma,February-2026,21,19,Inbound,207.4,5.0,88.6,Resolved
AGT-009,Arjun Sharma,March-2026,16,3,Inbound,326.6,2.7,68.5,Resolved
AGT-008,Kavya Gupta,March-2026,20,9,Inbound,332.8,3.4,75.5,Resolved
AGT-014,Priya Iyer,April-2026,13,20,Inbound,275.3,3.5,79.5,Resolved
AGT-015,Arjun Nair,April-2026,18,11,Inbound,269.8,3.8,77.9,Resolved
AGT-006,Arjun Nair,March-2026,7,19,Inbound,279.7,4.2,93.3,Resolved
AGT-009,Arjun Sharma,June-2026,6,6,Inbound,333.9,3.4,93.2,Escalated
AGT-019,Kavya Gupta,June-2026,18,27,Inbound,262.7,5.0,99.7,Resolved
AGT-024, James Reddy ,March-2026,23,5,Inbound,245.2,3.1,74.8,Resolved
AGT-006,Arjun Nair,May-2026,23,21,Inbound,215.4,4.2,86.1,Resolved
AGT-001,Arjun Jenkins,July-2026,12,21,Inbound,244.8,4.9,94.1,Resolved
AGT-012,Kavya Jenkins,May-2026,9,19,Inbound,250.3,5.0,100.0,Resolved
AGT-007,Rahul Iyer,May-2026,17,27,Inbound,236.6,4.8,99.9,Resolved
AGT-024,James Reddy,July-2026,25,9,Inbound,302.5,3.8,63.8,Resolved
AGT-021,Ananya Gupta,April-2026,20,11,Inbound,379.0,4.6,89.2,Resolved
AGT-005,Rahul Chang,May-2026,17,3,Inbound,236.5,2.5,59.5,Resolved
AGT-013,Rahul Wilson,June-2026,6,26,Inbound,294.4,5.0,86.7,Resolved
AGT-001,Arjun Jenkins,March-2026,24,17,Inbound,226.8,4.4,100.0,Resolved
AGT-017,Neha Sharma,April-2026,22,2,Inbound,320.2,,62.4,Resolved
AGT-011,David Chang,February-2026,5,9,Inbound,256.1,3.4,78.2,Unresolved
AGT-015,Arjun Nair,February-2026,9,9,Inbound,299.7,4.2,85.6,Resolved
AGT-004,Priya Nair,March-2026,23,5,Inbound,301.1,4.1,85.5,Resolved
AGT-002,Arjun Sharma,June-2026,6,23,Inbound,264.2,3.3,90.1,Resolved
AGT-001,Arjun Jenkins,July-2026,8,21,Inbound,203.2,4.0,90.2,Resolved
AGT-002,Arjun Sharma,June-2026,7,23,Inbound,287.6,4.4,85.4,Resolved
AGT-011,David Chang,February-2026,2,9,Inbound,281.6,4.4,65.0,Resolved
AGT-001,Arjun Jenkins,May-2026,24,19,Inbound,200.1,5.0,90.1,Resolved
AGT-019,Kavya Gupta,March-2026,5,24,Inbound,186.8,5.0,93.8,Resolved
AGT-019,Kavya Gupta,May-2026,20,26,Inbound,248.6,4.0,99.7,Resolved
AGT-005,Rahul Chang,July-2026,19,5,Inbound,294.2,4.2,76.6,Escalated
AGT-023,Michael Wilson,July-2026,3,22,Inbound,216.3,4.8,79.9,Resolved
AGT-010,James Iyer,April-2026,9,8,Inbound,243.9,3.5,99.5,Pending
AGT-019,Kavya Gupta,April-2026,20,25,Inbound,238.4,3.4,82.6,Resolved
AGT-013,Rahul Wilson,April-2026,12,24,Inbound,174.8,4.9,93.9,Resolved
AGT-015,Arjun Nair,April-2026,16,11,Inbound,275.4,2.7,78.8,Unresolved
AGT-022,Michael Iyer,June-2026,8,23,Inbound,222.4,4.0,89.1,Resolved
AGT-018,Sarah Iyer,March-2026,6,24,Inbound,247.3,5.0,83.6,Resolved
AGT-015,Arjun Nair,July-2026,14,14,Inbound,,4.5,81.5,Resolved
AGT-009,Arjun Sharma,June-2026,14,6,Inbound,278.4,3.1,92.5,Resolved
AGT-006,Arjun Nair,April-2026,3,20,Inbound,271.6,4.9,80.6,Resolved
AGT-023,Michael Wilson,May-2026,19,20,Inbound,293.2,4.8,92.2,Escalated
AGT-019,Kavya Gupta,May-2026,26,26,Inbound,201.6,4.7,92.5,Resolved
AGT-024,James Reddy,February-2026,9,4,Inbound,291.0,3.2,80.0,Escalated
AGT-009,Arjun Sharma,April-2026,13,4,Inbound,353.3,2.2,71.8,Escalated
AGT-009, Arjun Sharma ,May-2026,3,5,Inbound,248.6,3.5,81.2,Resolved
AGT-022,Michael Iyer,May-2026,17,22,INBOUND,228.2,4.7,100.0,Resolved
AGT-005,Rahul Chang,June-2026,26,4,Inbound,290.4,2.5,70.0,Resolved
AGT-013,Rahul Wilson,June-2026,15,26,Inbound,210.4,5.0,97.2,Resolved
AGT-020,Rahul Sharma,March-2026,16,10,Inbound,352.8,3.8,,Resolved
AGT-020,Rahul Sharma,April-2026,25,11,Inbound,319.1,4.0,70.7,Resolved
AGT-019,Kavya Gupta,February-2026,8,23,Inbound,250.6,5.0,100.0,Unresolved
AGT-024,James Reddy,May-2026,7,7,Inbound,315.5,4.3,76.0,Resolved
AGT-022,Michael Iyer,February-2026,10,19,Inbound,185.3,5.0,90.7,Resolved
AGT-017,Neha Sharma,April-2026,7,2,Inbound,348.3,2.7,66.3,Pending
AGT-025,Arjun Reddy,April-2026,5,24,Inbound,245.8,5.0,87.1,Resolved
AGT-015,Arjun Nair,March-2026,19,10,Inbound,,3.5,,Escalated
AGT-006,Arjun Nair,April-2026,25,20,Inbound,294.1,3.6,79.7,Resolved
AGT-011,David Chang,June-2026,9,13,Inbound,264.3,3.6,99.2,Resolved
AGT-019,Kavya Gupta,July-2026,22,28,Inbound,274.1,5.0,94.0,Resolved
AGT-006,Arjun Nair,February-2026,17,18,Inbound,320.2,4.8,94.8,Resolved
AGT-018,Sarah Iyer,May-2026,3,26,INBOUND,306.9,4.6,90.8,Resolved
AGT-008,Kavya Gupta,June-2026,26,12,Inbound,235.7,5.0,,Escalated
AGT-014,Priya Iyer,June-2026,20,22,Inbound,256.5,5.0,100.0,Resolved
AGT-020,Rahul Sharma,July-2026,18,14,Inbound,255.9,4.3,96.2,Resolved
AGT-006,Arjun Nair,July-2026,5,23,Inbound,182.5,4.6,97.7,Resolved
AGT-019,Kavya Gupta,July-2026,9,28,Inbound,279.4,5.0,91.2,Escalated
AGT-011,David Chang,April-2026,7,11,Inbound,340.5,4.8,,Pending
AGT-017,Neha Sharma,June-2026,9,4,Inbound,246.2,3.5,74.2,Resolved
AGT-016,Ananya Verma,July-2026,15,22,Inbound,320.1,4.9,99.8,Resolved
AGT-004,Priya Nair,February-2026,24,4,Inbound,320.2,3.7,79.7,Pending
AGT-002,Arjun Sharma,May-2026,5,22,Inbound,194.5,4.0,83.1,Resolved
AGT-009,Arjun Sharma,May-2026,26,5,Inbound,-243.1,3.7,,Resolved
AGT-018,Sarah Iyer,May-2026,8,26,Inbound,250.5,3.8,94.5,Resolved
AGT-005,Rahul Chang,February-2026,23,0,Inbound,269.4,1.8,,Resolved
AGT-023,Michael Wilson,February-2026,26,17,Inbound,271.5,4.5,100.0,Resolved
AGT-001,Arjun Jenkins,March-2026,4,17,Inbound,236.2,4.4,99.9,Resolved
AGT-003,Sarah Reddy,April-2026,19,24,Inbound,296.4,5.0,,Pending
AGT-004,Priya Nair,July-2026,25,9,Inbound,239.1,3.4,66.5,Resolved
AGT-001,Arjun Jenkins,June-2026,3,20,Inbound,196.1,,93.5,Resolved
AGT-013,Rahul Wilson,July-2026,9,27,Inbound,251.9,4.4,94.7,Escalated
AGT-012,Kavya Jenkins,July-2026,10,21,Inbound,252.5,5.0,98.8,Resolved
AGT-017,Neha Sharma,May-2026,5,3,Inbound,335.7,3.4,66.7,Resolved
AGT-005,Rahul Chang,May-2026,6,3,Inbound,295.4,4.0,71.9,Resolved
AGT-017, Neha Sharma ,May-2026,16,3,Inbound,273.1,2.6,69.9,Resolved
AGT-023,Michael Wilson,July-2026,7,22,Inbound,197.3,5.0,92.0,Pending
AGT-020,Rahul Sharma,April-2026,24,11,Inbound,298.9,4.7,82.9,Resolved
AGT-018,Sarah Iyer,May-2026,24,26,Inbound,246.9,5.0,97.7,Escalated
AGT-005,Rahul Chang,June-2026,19,4,Inbound,324.8,3.1,81.1,Resolved
AGT-012,Kavya Jenkins,May-2026,5,19,Inbound,334.6,5.0,81.3,Resolved
AGT-016,Ananya Verma,April-2026,13,19,Inbound,289.7,5.0,100.0,Resolved
AGT-017,Neha Sharma,April-2026,11,2,Inbound,298.6,3.4,66.6,Pending
AGT-023,Michael Wilson,July-2026,20,22,Inbound,201.5,4.8,91.7,Resolved
AGT-005,Rahul Chang,April-2026,4,2,Inbound,335.1,4.8,65.4,Resolved
AGT-018,Sarah Iyer,May-2026,10,26,Inbound,206.8,5.0,99.3,Resolved
AGT-018,Sarah Iyer,June-2026,5,27,Inbound,250.9,4.9,86.5,Resolved
AGT-022, Michael Iyer ,March-2026,5,20,Inbound,170.1,4.7,97.9,Resolved
AGT-005, Rahul Chang ,March-2026,11,1,Inbound,,2.7,72.6,Pending
AGT-004,Priya Nair,July-2026,23,9,Inbound,351.9,4.6,78.1,Resolved
AGT-018,Sarah Iyer,February-2026,11,23,Inbound,272.0,5.0,94.7,Resolved
AGT-008,Kavya Gupta,June-2026,19,12,Inbound,285.3,4.5,83.4,Pending
AGT-001,Arjun Jenkins,April-2026,25,18,INBOUND,260.6,4.7,100.0,Unresolved
AGT-020,Rahul Sharma,February-2026,1,9,Inbound,325.4,4.3,82.8,Resolved
AGT-018,Sarah Iyer,March-2026,17,24,Inbound,217.9,4.7,100.0,Unresolved
AGT-016,Ananya Verma,February-2026,21,17,Inbound,244.0,5.0,88.8,Unresolved
AGT-006,Arjun Nair,February-2026,13,18,Inbound,220.7,4.4,100.0,Resolved
AGT-020,Rahul Sharma,February-2026,26,9,Inbound,339.9,3.4,82.1,Resolved
AGT-007,Rahul Iyer,June-2026,3,28,Inbound,246.5,4.3,85.1,Resolved
AGT-021,Ananya Gupta,July-2026,7,14,Inbound,248.3,4.9,85.7,Resolved
AGT-024,James Reddy,March-2026,3,5,Inbound,315.6,3.0,77.2,Resolved
AGT-008,Kavya Gupta,February-2026,3,8,Inbound,296.8,3.5,90.9,Escalated
AGT-022,Michael Iyer,March-2026,16,20,Inbound,256.1,4.6,100.0,Resolved
AGT-010,James Iyer,March-2026,25,7,Inbound,251.8,5.0,80.7,Resolved
AGT-012,Kavya Jenkins,May-2026,19,19,Inbound,280.4,4.3,100.0,Resolved
AGT-023,Michael Wilson,May-2026,2,20,Inbound,172.7,4.1,100.0,Resolved
AGT-008,Kavya Gupta,June-2026,3,12,Inbound,245.3,3.6,,Resolved
AGT-023, Michael Wilson ,March-2026,12,18,Inbound,223.4,5.0,90.8,Resolved
AGT-010,James Iyer,July-2026,19,11,Inbound,269.3,3.1,87.5,Resolved
AGT-002,Arjun Sharma,May-2026,26,22,Inbound,276.6,5.0,96.8,Escalated
AGT-009, Arjun Sharma ,May-2026,2,5,Inbound,296.9,2.1,73.7,Escalated
AGT-018,Sarah Iyer,July-2026,4,28,Inbound,278.1,5.0,92.8,Resolved
AGT-014, Priya Iyer ,June-2026,15,22,Inbound,193.1,4.3,90.9,Resolved
AGT-010,James Iyer,February-2026,14,6,INBOUND,307.4,3.9,82.0,Escalated
AGT-023,Michael Wilson,May-2026,22,20,Inbound,318.4,4.8,100.0,Resolved
AGT-004,Priya Nair,June-2026,21,8,Inbound,250.6,4.7,,Resolved
AGT-022, Michael Iyer ,June-2026,13,23,Inbound,296.3,4.3,98.4,Resolved
AGT-008,Kavya Gupta,July-2026,12,13,INBOUND,321.3,4.8,76.0,Resolved
AGT-018,Sarah Iyer,May-2026,1,26,Inbound,275.5,5.0,93.3,Resolved
AGT-005,Rahul Chang,February-2026,17,0,Inbound,279.9,3.4,76.0,Resolved
AGT-004,Priya Nair,May-2026,7,7,Inbound,277.2,3.7,,Pending
AGT-018,Sarah Iyer,June-2026,13,27,Inbound,245.6,4.6,98.1,Resolved
AGT-016,Ananya Verma,April-2026,2,19,Inbound,282.4,4.9,,Resolved
AGT-005,Rahul Chang,March-2026,5,1,Inbound,287.5,2.9,71.2,Resolved
AGT-024,James Reddy,March-2026,19,5,Inbound,319.4,4.3,63.5,Unresolved
AGT-005,Rahul Chang,February-2026,5,0,Inbound,353.8,3.4,67.1,Escalated
AGT-010,James Iyer,March-2026,14,7,INBOUND,320.0,3.7,79.5,Resolved
AGT-012,Kavya Jenkins,June-2026,9,20,Inbound,251.3,4.8,85.7,Resolved
AGT-023,Michael Wilson,March-2026,23,18,Inbound,255.2,4.2,,Resolved
AGT-020,Rahul Sharma,February-2026,20,9,Inbound,283.9,3.2,81.1,Resolved
AGT-021,Ananya Gupta,April-2026,12,11,Inbound,305.7,2.5,85.8,Unresolved
AGT-015,Arjun Nair,May-2026,20,12,Inbound,217.4,3.4,84.6,Resolved
AGT-001,Arjun Jenkins,April-2026,8,18,Inbound,249.6,5.0,81.0,Resolved
AGT-023,Michael Wilson,July-2026,15,22,Inbound,211.3,5.0,85.8,Resolved
AGT-003,Sarah Reddy,March-2026,25,23,Inbound,263.2,5.0,,Resolved
AGT-009,Arjun Sharma,April-2026,17,4,Inbound,276.2,2.7,71.3,Unresolved
AGT-014,Priya Iyer,March-2026,7,19,Inbound,273.9,3.7,97.5,Resolved
AGT-009,Arjun Sharma,April-2026,11,4,Inbound,341.8,4.5,60.9,Pending
AGT-022,Michael Iyer,March-2026,12,20,Inbound,318.6,4.9,97.2,Resolved
AGT-001,Arjun Jenkins,July-2026,20,21,Inbound,213.0,5.0,100.0,Resolved
AGT-009,Arjun Sharma,June-2026,20,6,Inbound,234.8,4.2,68.2,Resolved
AGT-025,Arjun Reddy,May-2026,5,25,Inbound,207.7,5.0,94.1,Resolved
AGT-024,James Reddy,June-2026,9,8,Inbound,283.1,4.0,72.9,Resolved
AGT-023,Michael Wilson,April-2026,18,19,Inbound,254.6,4.6,82.3,Resolved
AGT-004,Priya Nair,April-2026,9,6,Inbound,278.8,3.2,63.5,Unresolved
AGT-008,Kavya Gupta,June-2026,25,12,INBOUND,221.5,3.6,85.4,Resolved
AGT-014,Priya Iyer,March-2026,25,19,Inbound,205.2,,98.3,Resolved
AGT-009,Arjun Sharma,March-2026,13,3,Inbound,303.4,2.8,84.4,Resolved
AGT-009,Arjun Sharma,February-2026,8,2,Inbound,242.1,3.1,73.2,Pending
AGT-006,Arjun Nair,June-2026,2,22,Inbound,229.8,4.6,100.0,Resolved
AGT-021,Ananya Gupta,May-2026,5,12,Inbound,293.2,3.9,81.6,Resolved
AGT-024,James Reddy,March-2026,10,5,Inbound,238.5,2.7,61.2,Unresolved
AGT-013,Rahul Wilson,May-2026,13,25,Inbound,273.5,3.4,93.9,Resolved
AGT-019,Kavya Gupta,March-2026,23,24,Inbound,288.3,5.0,88.5,Resolved
AGT-003,Sarah Reddy,March-2026,2,23,Inbound,227.8,5.0,85.2,Escalated
AGT-019,Kavya Gupta,June-2026,19,27,Inbound,257.6,5.0,97.2,Resolved
AGT-010,James Iyer,June-2026,20,10,Inbound,227.3,4.6,83.3,Resolved
AGT-008,Kavya Gupta,February-2026,1,8,Inbound,330.1,4.1,79.1,Resolved
AGT-016,Ananya Verma,July-2026,1,22,Inbound,212.7,4.8,90.8,Resolved
AGT-003,Sarah Reddy,March-2026,16,23,Inbound,175.4,5.0,100.0,Unresolved
AGT-009,Arjun Sharma,March-2026,19,3,Inbound,311.7,3.1,72.4,Pending
AGT-020,Rahul Sharma,April-2026,15,11,Inbound,286.0,4.6,83.7,Unresolved
AGT-025,Arjun Reddy,July-2026,18,27,INBOUND,299.7,5.0,79.1,Resolved
AGT-008,Kavya Gupta,June-2026,1,12,Inbound,351.9,4.3,79.6,Escalated
AGT-019,Kavya Gupta,April-2026,8,25,Inbound,244.0,4.4,92.2,Resolved
AGT-007,Rahul Iyer,April-2026,3,26,Inbound,228.4,2.7,87.8,Resolved
AGT-012,Kavya Jenkins,April-2026,7,18,Inbound,318.3,4.9,95.2,Resolved
AGT-008,Kavya Gupta,June-2026,16,12,Inbound,322.0,3.6,83.9,Escalated
AGT-007,Rahul Iyer,May-2026,20,27,Inbound,204.7,5.0,81.1,Resolved
AGT-008,Kavya Gupta,February-2026,8,8,Inbound,272.7,,90.7,Escalated
AGT-012,Kavya Jenkins,July-2026,19,21,Inbound,221.6,,100.0,Resolved
AGT-019,Kavya Gupta,July-2026,11,28,Inbound,302.9,4.9,100.0,Resolved
AGT-003,Sarah Reddy,May-2026,15,25,Inbound,244.7,4.4,100.0,Escalated
AGT-012, Kavya Jenkins ,February-2026,21,16,Inbound,244.4,5.0,83.3,Resolved
AGT-015,Arjun Nair,April-2026,7,11,Inbound,237.7,4.5,70.1,Resolved
AGT-002,Arjun Sharma,April-2026,9,21,Inbound,266.8,5.0,100.0,Resolved
AGT-024,James Reddy,June-2026,7,8,Inbound,277.5,5.0,79.6,Resolved
AGT-003,Sarah Reddy,June-2026,1,26,INBOUND,228.0,5.0,94.7,Resolved
AGT-015,Arjun Nair,May-2026,19,12,Inbound,226.5,4.3,96.7,Escalated
AGT-011,David Chang,May-2026,17,12,Inbound,332.7,4.1,90.3,Unresolved
AGT-001,Arjun Jenkins,June-2026,22,20,Inbound,192.8,4.4,100.0,Resolved
AGT-025,Arjun Reddy,March-2026,23,23,Inbound,265.6,3.4,91.9,Resolved
AGT-016,Ananya Verma,July-2026,8,22,Inbound,238.3,4.9,100.0,Resolved
AGT-020,Rahul Sharma,June-2026,2,13,Inbound,260.7,3.8,,Resolved
AGT-015,Arjun Nair,February-2026,13,9,INBOUND,245.6,4.9,81.6,Resolved
AGT-002,Arjun Sharma,July-2026,25,24,Inbound,219.3,4.4,93.4,Resolved
AGT-012,Kavya Jenkins,March-2026,19,17,Inbound,253.4,5.0,95.7,Resolved
AGT-002,Arjun Sharma,June-2026,4,23,Inbound,302.2,3.6,100.0,Resolved
AGT-023,Michael Wilson,June-2026,10,21,Inbound,263.3,5.0,97.3,Resolved
AGT-009,Arjun Sharma,July-2026,1,7,Inbound,315.6,4.3,66.5,Unresolved
AGT-021,Ananya Gupta,February-2026,16,9,Inbound,273.0,5.0,78.9,Resolved
AGT-025,Arjun Reddy,June-2026,10,26,Inbound,196.7,5.0,90.2,Pending
AGT-004,Priya Nair,April-2026,13,6,INBOUND,290.6,4.3,80.7,Resolved
AGT-005,Rahul Chang,May-2026,13,3,Inbound,283.3,3.2,75.8,Pending
AGT-003,Sarah Reddy,April-2026,22,24,Inbound,259.2,5.0,82.1,Resolved
AGT-012,Kavya Jenkins,March-2026,6,17,Inbound,286.1,5.0,94.1,Resolved
AGT-012,Kavya Jenkins,February-2026,17,16,Inbound,229.4,3.9,95.8,Resolved
AGT-012,Kavya Jenkins,April-2026,17,18,Inbound,234.6,5.0,100.0,Resolved
AGT-012,Kavya Jenkins,July-2026,23,21,Inbound,208.5,4.1,78.8,Resolved
AGT-011,David Chang,March-2026,15,10,Inbound,321.9,3.2,72.0,Resolved
AGT-001,Arjun Jenkins,March-2026,1,17,Inbound,262.5,5.0,95.3,Resolved
AGT-017,Neha Sharma,July-2026,26,5,Inbound,306.0,,77.4,Pending
AGT-019,Kavya Gupta,May-2026,2,26,Inbound,215.9,4.8,94.5,Pending
AGT-018,Sarah Iyer,February-2026,23,23,Inbound,267.3,4.4,93.5,Resolved
AGT-024,James Reddy,May-2026,5,7,Inbound,299.0,4.6,61.7,Resolved
AGT-019,Kavya Gupta,June-2026,3,27,Inbound,250.0,4.6,100.0,Resolved
AGT-024,James Reddy,February-2026,24,4,Inbound,254.2,3.2,61.6,Unresolved
AGT-012,Kavya Jenkins,February-2026,23,16,Inbound,243.1,3.9,81.9,Resolved
AGT-019,Kavya Gupta,April-2026,14,25,INBOUND,225.6,4.1,100.0,Resolved
AGT-014,Priya Iyer,June-2026,19,22,Inbound,235.6,4.6,89.5,Resolved
AGT-019,Kavya Gupta,June-2026,2,27,INBOUND,288.0,4.4,100.0,Pending
AGT-015,Arjun Nair,April-2026,6,11,Inbound,323.7,3.2,77.3,Resolved
AGT-002,Arjun Sharma,May-2026,7,22,Inbound,295.1,5.0,100.0,Resolved
AGT-020,Rahul Sharma,May-2026,6,12,Inbound,296.0,3.6,86.1,Resolved
AGT-010,James Iyer,July-2026,17,11,Inbound,310.4,4.2,95.6,Unresolved
AGT-019,Kavya Gupta,February-2026,9,23,Inbound,151.8,5.0,80.8,Escalated
AGT-025,Arjun Reddy,July-2026,6,27,Inbound,146.8,5.0,90.6,Resolved
AGT-013,Rahul Wilson,June-2026,12,26,Inbound,191.4,4.4,100.0,Resolved
AGT-007,Rahul Iyer,April-2026,7,26,Inbound,285.0,4.5,94.4,Resolved
AGT-018,Sarah Iyer,March-2026,12,24,Inbound,245.2,4.9,97.0,Resolved
AGT-013,Rahul Wilson,June-2026,7,26,Inbound,236.8,,100.0,Resolved
AGT-002,Arjun Sharma,July-2026,20,24,Inbound,242.7,3.9,84.8,Resolved
AGT-004,Priya Nair,May-2026,8,7,Inbound,278.1,2.5,84.9,Resolved
AGT-025,Arjun Reddy,May-2026,19,25,Inbound,309.5,4.6,92.8,Resolved
AGT-006,Arjun Nair,March-2026,5,19,Inbound,280.9,5.0,94.5,Escalated
AGT-009,Arjun Sharma,May-2026,23,5,Inbound,316.7,4.2,79.0,Resolved
AGT-022,Michael Iyer,June-2026,5,23,Inbound,299.6,5.0,85.8,Escalated
AGT-007,Rahul Iyer,April-2026,2,26,Inbound,281.4,,90.5,Resolved
AGT-003,Sarah Reddy,June-2026,26,26,INBOUND,257.3,5.0,100.0,Resolved
AGT-020,Rahul Sharma,February-2026,2,9,Inbound,299.0,5.0,85.4,Resolved
AGT-002,Arjun Sharma,February-2026,1,19,Inbound,259.6,4.0,100.0,Resolved
AGT-012,Kavya Jenkins,May-2026,14,19,Inbound,238.2,4.1,98.3,Resolved
AGT-004,Priya Nair,April-2026,25,6,Inbound,206.7,,74.4,Resolved
AGT-007,Rahul Iyer,March-2026,2,25,Inbound,210.0,5.0,87.0,Resolved
AGT-012,Kavya Jenkins,July-2026,9,21,Inbound,261.9,4.0,88.9,Resolved
AGT-015,Arjun Nair,April-2026,14,11,Inbound,328.8,3.7,87.7,Resolved
AGT-001,Arjun Jenkins,March-2026,9,17,Inbound,272.4,5.0,91.5,Resolved
AGT-024,James Reddy,July-2026,18,9,Inbound,253.6,4.1,84.4,Unresolved
AGT-009,Arjun Sharma,April-2026,21,4,Inbound,326.1,2.2,81.3,Resolved
AGT-011,David Chang,July-2026,7,14,Inbound,312.0,4.0,88.0,Resolved
AGT-025,Arjun Reddy,March-2026,22,23,INBOUND,309.0,5.0,89.4,Resolved
AGT-010,James Iyer,July-2026,24,11,Inbound,295.8,2.8,77.8,Resolved
AGT-016,Ananya Verma,February-2026,2,17,Inbound,286.8,5.0,99.1,Pending
AGT-024,James Reddy,May-2026,14,7,Inbound,316.8,3.5,69.7,Resolved
AGT-014, Priya Iyer ,April-2026,26,20,Inbound,207.0,5.0,88.8,Resolved
AGT-016,Ananya Verma,April-2026,12,19,Inbound,205.6,5.0,91.6,Resolved
AGT-005,Rahul Chang,June-2026,4,4,Inbound,343.3,2.9,85.9,Resolved
AGT-004,Priya Nair,June-2026,18,8,Inbound,250.3,3.2,75.1,Escalated
AGT-004,Priya Nair,April-2026,23,6,Inbound,321.9,4.0,,Resolved
AGT-012,Kavya Jenkins,April-2026,11,18,Inbound,224.1,4.3,100.0,Resolved
AGT-019,Kavya Gupta,April-2026,21,25,Inbound,263.2,4.8,97.8,Resolved
AGT-020,Rahul Sharma,June-2026,8,13,Inbound,267.8,5.0,87.7,Resolved
AGT-022,Michael Iyer,February-2026,16,19,Inbound,,5.0,100.0,Unresolved
AGT-003,Sarah Reddy,April-2026,18,24,Inbound,197.2,4.9,89.6,Resolved
AGT-012,Kavya Jenkins,July-2026,4,21,INBOUND,267.5,4.0,,Unresolved
AGT-018,Sarah Iyer,April-2026,15,25,Inbound,299.9,4.9,100.0,Resolved
AGT-015,Arjun Nair,April-2026,3,11,Inbound,330.4,4.1,87.7,Resolved
AGT-001,Arjun Jenkins,April-2026,20,18,Inbound,166.8,4.9,99.3,Resolved
AGT-020,Rahul Sharma,February-2026,16,9,INBOUND,289.3,3.7,84.9,Resolved
AGT-009,Arjun Sharma,April-2026,2,4,Inbound,285.1,3.0,74.6,Resolved
AGT-013,Rahul Wilson,July-2026,18,27,Inbound,217.7,5.0,,Resolved
AGT-020,Rahul Sharma,June-2026,4,13,Inbound,229.6,4.6,95.8,Resolved
AGT-011, David Chang ,February-2026,22,9,Inbound,247.3,4.8,81.3,Escalated
AGT-022,Michael Iyer,April-2026,6,21,Inbound,325.6,5.0,100.0,Escalated
AGT-016,Ananya Verma,April-2026,11,19,Inbound,324.3,5.0,92.1,Resolved
AGT-024,James Reddy,March-2026,11,5,Inbound,297.1,4.1,,Unresolved
AGT-015,Arjun Nair,July-2026,26,14,Inbound,285.3,4.6,77.4,Resolved
AGT-009,Arjun Sharma,May-2026,4,5,Inbound,216.3,4.3,83.1,Resolved
AGT-010,James Iyer,February-2026,9,6,Inbound,241.8,3.1,75.0,Escalated
AGT-018,Sarah Iyer,May-2026,20,26,Inbound,297.7,5.0,88.3,Resolved
AGT-021,Ananya Gupta,February-2026,5,9,Inbound,262.2,2.6,77.1,Resolved
AGT-016,Ananya Verma,June-2026,6,21,Inbound,268.7,4.4,93.4,Resolved
AGT-011,David Chang,March-2026,8,10,Inbound,315.9,3.4,75.5,Resolved
AGT-021,Ananya Gupta,July-2026,11,14,Inbound,250.7,5.0,87.6,Resolved
AGT-013,Rahul Wilson,March-2026,18,23,Inbound,254.7,5.0,76.9,Resolved
AGT-024,James Reddy,February-2026,15,4,Inbound,278.0,2.6,70.5,Pending
AGT-017,Neha Sharma,May-2026,26,3,Inbound,404.6,2.8,68.5,Unresolved
AGT-011,David Chang,June-2026,15,13,Inbound,272.2,5.0,85.8,Resolved
AGT-016,Ananya Verma,July-2026,26,22,Inbound,208.7,5.0,95.5,Resolved
AGT-024, James Reddy ,May-2026,26,7,Inbound,288.5,3.1,86.7,Pending
AGT-008,Kavya Gupta,April-2026,25,10,Inbound,227.2,4.6,79.6,Resolved
AGT-020,Rahul Sharma,April-2026,21,11,Inbound,267.5,3.3,79.3,Resolved
AGT-017,Neha Sharma,March-2026,17,1,Inbound,295.1,3.9,72.7,Escalated
AGT-025,Arjun Reddy,May-2026,26,25,INBOUND,209.9,5.0,85.0,Resolved
AGT-020,Rahul Sharma,February-2026,13,9,Inbound,278.2,3.3,91.5,Resolved
AGT-022,Michael Iyer,February-2026,26,19,Inbound,287.4,4.6,84.0,Resolved
AGT-005,Rahul Chang,July-2026,18,5,Inbound,355.8,2.8,86.2,Unresolved
AGT-025,Arjun Reddy,March-2026,20,23,Inbound,208.1,5.0,97.4,Resolved
AGT-017,Neha Sharma,February-2026,19,0,Inbound,330.5,3.2,81.3,Pending
AGT-012,Kavya Jenkins,May-2026,6,19,Inbound,291.9,4.0,100.0,Resolved
AGT-005,Rahul Chang,March-2026,4,1,Inbound,367.7,2.6,72.6,Escalated
AGT-016,Ananya Verma,March-2026,15,18,Inbound,250.4,5.0,94.0,Resolved
AGT-024,James Reddy,March-2026,7,5,Inbound,302.2,4.4,75.7,Escalated
AGT-017,Neha Sharma,April-2026,8,2,Inbound,284.2,3.6,56.4,Escalated
AGT-019,Kavya Gupta,February-2026,24,23,Inbound,316.3,4.3,85.4,Resolved
AGT-010,James Iyer,April-2026,8,8,Inbound,291.5,4.0,66.4,Resolved
AGT-005,Rahul Chang,May-2026,7,3,Inbound,368.4,3.6,60.0,Resolved
AGT-013,Rahul Wilson,June-2026,20,26,Inbound,286.5,3.6,95.3,Resolved
AGT-017,Neha Sharma,April-2026,25,2,Inbound,298.2,4.0,64.1,Unresolved
AGT-014,Priya Iyer,July-2026,18,23,Inbound,292.8,3.6,93.4,Unresolved
AGT-017,Neha Sharma,April-2026,19,2,Inbound,308.0,2.6,91.9,Resolved
AGT-012,Kavya Jenkins,April-2026,12,18,Inbound,302.7,4.0,87.8,Escalated
AGT-014,Priya Iyer,March-2026,23,19,Inbound,249.8,5.0,100.0,Resolved
AGT-013,Rahul Wilson,June-2026,11,26,Inbound,319.1,4.4,95.6,Resolved
AGT-004,Priya Nair,June-2026,4,8,Inbound,251.7,3.8,67.3,Resolved
AGT-016,Ananya Verma,March-2026,21,18,Inbound,264.3,,91.2,Resolved
AGT-024,James Reddy,May-2026,10,7,Inbound,246.0,4.5,74.6,Unresolved
AGT-021,Ananya Gupta,July-2026,16,14,INBOUND,249.4,3.8,80.2,Resolved
AGT-006,Arjun Nair,April-2026,20,20,Inbound,282.5,4.4,95.8,Resolved
AGT-007,Rahul Iyer,July-2026,14,29,Inbound,235.9,4.3,100.0,Resolved
AGT-025,Arjun Reddy,May-2026,17,25,Inbound,226.8,4.6,83.0,Resolved
AGT-003,Sarah Reddy,June-2026,23,26,Inbound,308.8,5.0,98.9,Resolved
AGT-005,Rahul Chang,July-2026,24,5,INBOUND,,3.8,73.5,Escalated
AGT-021,Ananya Gupta,May-2026,16,12,Inbound,290.3,5.0,90.3,Pending
AGT-005,Rahul Chang,March-2026,20,1,Inbound,320.2,3.9,67.2,Resolved
AGT-004,Priya Nair,March-2026,20,5,Inbound,325.0,3.2,70.2,Resolved
AGT-012,Kavya Jenkins,March-2026,24,17,Inbound,304.5,4.4,98.6,Resolved
AGT-005,Rahul Chang,May-2026,26,3,Inbound,295.2,2.6,79.1,Unresolved
AGT-007,Rahul Iyer,June-2026,15,28,Inbound,223.7,4.9,88.4,Resolved
AGT-019,Kavya Gupta,March-2026,1,24,Inbound,233.9,3.5,100.0,Resolved
AGT-019,Kavya Gupta,February-2026,2,23,Inbound,204.3,4.9,100.0,Resolved
AGT-013,Rahul Wilson,June-2026,2,26,Inbound,214.4,5.0,97.4,Resolved
AGT-025,Arjun Reddy,March-2026,8,23,Inbound,234.8,4.2,100.0,Resolved
AGT-017,Neha Sharma,February-2026,13,0,Inbound,357.8,,62.2,Unresolved
AGT-003,Sarah Reddy,May-2026,13,25,Inbound,267.9,4.1,92.6,Resolved
AGT-016,Ananya Verma,June-2026,20,21,Inbound,208.9,4.8,90.1,Resolved
AGT-011,David Chang,June-2026,24,13,Inbound,299.0,3.4,90.2,Resolved
AGT-009,Arjun Sharma,March-2026,3,3,Inbound,288.2,3.6,82.5,Resolved
AGT-011,David Chang,April-2026,26,11,Inbound,234.2,4.0,85.8,Resolved
AGT-004,Priya Nair,July-2026,3,9,Inbound,345.6,3.8,76.1,Resolved
AGT-008, Kavya Gupta ,May-2026,6,11,Inbound,282.5,4.1,79.2,Unresolved
AGT-017,Neha Sharma,July-2026,23,5,Inbound,327.8,2.6,79.5,Resolved
AGT-006,Arjun Nair,April-2026,4,20,Inbound,220.7,4.4,94.4,Resolved
AGT-002,Arjun Sharma,July-2026,26,24,Inbound,270.2,5.0,84.5,Resolved
AGT-025,Arjun Reddy,June-2026,8,26,Inbound,262.1,4.0,,Pending
AGT-008,Kavya Gupta,March-2026,9,9,Inbound,327.9,3.5,82.6,Resolved
AGT-020,Rahul Sharma,June-2026,3,13,Inbound,300.7,3.8,90.9,Resolved
AGT-007,Rahul Iyer,May-2026,23,27,Inbound,274.6,3.2,100.0,Resolved
AGT-010,James Iyer,April-2026,4,8,Inbound,263.2,4.3,68.5,Resolved
AGT-022,Michael Iyer,February-2026,15,19,Inbound,245.8,5.0,84.1,Resolved
AGT-011,David Chang,February-2026,18,9,Inbound,273.1,4.1,81.7,Pending
AGT-007,Rahul Iyer,May-2026,15,27,INBOUND,239.1,4.4,100.0,Resolved
AGT-006,Arjun Nair,April-2026,16,20,Inbound,284.9,5.0,91.7,Resolved
AGT-004, Priya Nair ,May-2026,4,7,Inbound,309.0,3.5,72.5,Pending
AGT-017,Neha Sharma,February-2026,1,0,Inbound,409.6,2.6,,Pending
AGT-021,Ananya Gupta,June-2026,6,13,Inbound,280.6,4.5,99.9,Resolved
AGT-001,Arjun Jenkins,March-2026,14,17,Inbound,199.3,,100.0,Resolved
AGT-005,Rahul Chang,February-2026,22,0,Inbound,310.1,3.9,56.4,Pending
AGT-006,Arjun Nair,May-2026,8,21,Inbound,228.0,4.5,92.0,Resolved
AGT-003,Sarah Reddy,July-2026,13,27,Inbound,181.7,4.4,,Resolved
AGT-001,Arjun Jenkins,July-2026,21,21,Inbound,263.4,5.0,99.9,Resolved
AGT-024,James Reddy,April-2026,13,6,Inbound,271.1,2.6,61.9,Escalated
AGT-022,Michael Iyer,May-2026,2,22,Inbound,239.2,3.6,91.5,Resolved
AGT-003,Sarah Reddy,May-2026,16,25,Inbound,298.0,4.6,100.0,Resolved
AGT-013,Rahul Wilson,March-2026,22,23,Inbound,245.3,5.0,87.6,Resolved
AGT-011,David Chang,March-2026,6,10,Inbound,284.0,4.0,82.8,Resolved
AGT-011,David Chang,April-2026,23,11,Inbound,266.6,4.2,90.4,Escalated
AGT-017,Neha Sharma,March-2026,11,1,Inbound,301.3,2.8,73.6,Pending
AGT-012,Kavya Jenkins,May-2026,16,19,Inbound,288.3,4.4,100.0,Unresolved
AGT-013,Rahul Wilson,June-2026,24,26,Inbound,275.3,4.7,67.9,Resolved
AGT-002,Arjun Sharma,June-2026,26,23,Inbound,263.5,3.8,97.5,Resolved
AGT-013,Rahul Wilson,June-2026,10,26,Inbound,244.6,2.9,94.9,Escalated
AGT-017, Neha Sharma ,April-2026,5,2,Inbound,331.9,3.3,,Pending
AGT-010,James Iyer,March-2026,3,7,Inbound,278.0,4.5,70.9,Resolved
AGT-002,Arjun Sharma,April-2026,2,21,Inbound,241.5,5.0,90.5,Escalated
AGT-021,Ananya Gupta,March-2026,25,10,Inbound,306.4,4.1,74.7,Unresolved
AGT-017,Neha Sharma,April-2026,8,2,Inbound,284.2,3.6,56.4,Escalated
AGT-014, Priya Iyer ,July-2026,8,23,Inbound,342.2,5.0,86.7,Resolved
AGT-003,Sarah Reddy,July-2026,3,27,Inbound,172.6,5.0,90.2,Resolved
AGT-017,Neha Sharma,May-2026,15,3,Inbound,258.0,4.4,79.0,Resolved
AGT-013,Rahul Wilson,March-2026,17,23,Inbound,227.1,4.9,100.0,Resolved
AGT-002,Arjun Sharma,July-2026,22,24,Inbound,272.7,5.0,90.2,Resolved
AGT-015,Arjun Nair,February-2026,12,9,Inbound,287.4,4.4,77.0,Resolved
AGT-010,James Iyer,March-2026,5,7,Inbound,298.7,3.3,68.9,Resolved
AGT-023,Michael Wilson,May-2026,17,20,Inbound,257.6,5.0,86.6,Pending
AGT-019, Kavya Gupta ,March-2026,18,24,Inbound,229.4,4.7,94.6,Resolved
AGT-020, Rahul Sharma ,May-2026,12,12,Inbound,255.3,4.8,99.6,Pending
AGT-014,Priya Iyer,March-2026,15,19,Inbound,201.0,4.7,96.5,Resolved
AGT-018,Sarah Iyer,June-2026,17,27,Inbound,295.5,4.0,89.5,Resolved
AGT-008,Kavya Gupta,February-2026,21,8,Inbound,305.2,3.9,65.1,Unresolved
AGT-002,Arjun Sharma,June-2026,25,23,Inbound,265.2,3.9,100.0,Resolved
AGT-010,James Iyer,July-2026,14,11,Inbound,231.9,4.2,100.0,Resolved
AGT-008,Kavya Gupta,May-2026,7,11,Inbound,343.4,4.6,75.3,Resolved
AGT-003,Sarah Reddy,February-2026,18,22,Inbound,204.9,4.8,88.8,Resolved
AGT-003,Sarah Reddy,May-2026,6,25,Inbound,236.8,5.0,91.9,Escalated
AGT-009,Arjun Sharma,May-2026,18,5,Inbound,244.0,4.0,75.4,Resolved
AGT-024,James Reddy,April-2026,17,6,Inbound,272.3,2.4,75.4,Resolved
AGT-002,Arjun Sharma,May-2026,14,22,INBOUND,182.4,4.7,82.1,Pending
AGT-024,James Reddy,February-2026,13,4,Inbound,324.2,3.8,89.6,Escalated
AGT-024,James Reddy,April-2026,25,6,Inbound,305.0,4.6,84.8,Resolved
AGT-024,James Reddy,March-2026,13,5,Inbound,347.4,3.7,71.8,Escalated
AGT-021,Ananya Gupta,March-2026,9,10,Inbound,359.0,3.7,91.4,Resolved
AGT-006,Arjun Nair,February-2026,11,18,Inbound,248.7,5.0,100.0,Resolved
AGT-009,Arjun Sharma,February-2026,17,2,Inbound,293.9,3.6,74.8,Resolved
AGT-013,Rahul Wilson,February-2026,9,22,Inbound,233.6,4.0,95.2,Resolved
AGT-021,Ananya Gupta,May-2026,6,12,Inbound,296.0,4.0,82.3,Unresolved
AGT-011,David Chang,June-2026,1,13,Inbound,171.1,4.6,90.9,Resolved
AGT-009,Arjun Sharma,June-2026,22,6,Inbound,349.2,4.7,78.5,Resolved
AGT-004,Priya Nair,May-2026,24,7,Inbound,316.6,5.0,90.3,Resolved
AGT-018,Sarah Iyer,May-2026,7,26,Inbound,224.3,3.5,100.0,Resolved
AGT-014,Priya Iyer,April-2026,11,20,Inbound,307.2,5.0,89.5,Unresolved
AGT-014,Priya Iyer,March-2026,9,19,Inbound,237.0,5.0,100.0,Unresolved
AGT-007,Rahul Iyer,February-2026,8,24,Inbound,338.1,4.4,91.0,Resolved
AGT-005,Rahul Chang,March-2026,12,1,Inbound,242.9,3.9,68.2,Escalated
AGT-007,Rahul Iyer,May-2026,4,27,Inbound,272.3,5.0,95.6,Resolved
AGT-007,Rahul Iyer,April-2026,20,26,Inbound,294.7,4.2,100.0,Resolved
AGT-002,Arjun Sharma,July-2026,7,24,Inbound,230.0,5.0,99.7,Resolved
AGT-006,Arjun Nair,July-2026,19,23,Inbound,238.4,5.0,100.0,Resolved
AGT-003,Sarah Reddy,February-2026,23,22,Inbound,237.7,5.0,,Resolved
AGT-003,Sarah Reddy,February-2026,26,22,Inbound,248.8,5.0,86.1,Escalated
AGT-019,Kavya Gupta,February-2026,22,23,Inbound,244.0,4.6,100.0,Resolved
AGT-007,Rahul Iyer,May-2026,8,27,Inbound,302.3,5.0,100.0,Resolved
AGT-006,Arjun Nair,March-2026,20,19,Inbound,351.4,3.2,100.0,Resolved
AGT-006,Arjun Nair,May-2026,26,21,Inbound,257.4,5.0,88.1,Escalated
AGT-007,Rahul Iyer,July-2026,26,29,Inbound,229.8,4.9,100.0,Resolved
AGT-004,Priya Nair,June-2026,8,8,Inbound,277.5,4.1,74.5,Escalated
AGT-004,Priya Nair,March-2026,10,5,Inbound,310.9,3.0,88.3,Unresolved
AGT-007,Rahul Iyer,May-2026,24,27,Inbound,254.1,4.0,85.5,Resolved
AGT-007,Rahul Iyer,February-2026,22,24,Inbound,190.7,3.1,92.1,Resolved
AGT-004,Priya Nair,May-2026,3,7,Inbound,276.3,4.4,71.8,Resolved
AGT-025,Arjun Reddy,February-2026,24,22,Inbound,258.4,4.9,91.4,Resolved
AGT-002,Arjun Sharma,May-2026,11,22,Inbound,214.3,4.1,85.7,Resolved
AGT-023,Michael Wilson,March-2026,26,18,Inbound,235.1,5.0,94.8,Resolved
AGT-002,Arjun Sharma,February-2026,16,19,Inbound,232.7,4.5,100.0,Resolved
AGT-021,Ananya Gupta,March-2026,22,10,Inbound,292.7,2.9,79.5,Resolved
AGT-021,Ananya Gupta,April-2026,4,11,Inbound,253.6,3.9,75.9,Pending
AGT-023,Michael Wilson,February-2026,6,17,Inbound,252.2,4.2,96.8,Resolved
AGT-002,Arjun Sharma,February-2026,18,19,Inbound,355.5,5.0,91.2,Unresolved
AGT-011,David Chang,March-2026,25,10,Inbound,298.6,5.0,,Escalated
AGT-023,Michael Wilson,May-2026,6,20,Inbound,249.2,5.0,99.4,Resolved
AGT-009,Arjun Sharma,February-2026,11,2,Inbound,343.0,3.4,64.7,Unresolved
AGT-015,Arjun Nair,June-2026,15,13,Inbound,200.8,4.4,80.5,Resolved
AGT-021,Ananya Gupta,June-2026,2,13,Inbound,246.0,3.4,82.4,Resolved
AGT-007,Rahul Iyer,April-2026,9,26,Inbound,298.3,4.7,87.9,Escalated
AGT-013,Rahul Wilson,February-2026,7,22,Inbound,224.3,5.0,92.8,Resolved
AGT-003,Sarah Reddy,April-2026,7,24,INBOUND,247.8,4.3,100.0,Pending
AGT-010,James Iyer,July-2026,25,11,Inbound,279.5,4.8,77.3,Resolved
AGT-013,Rahul Wilson,March-2026,2,23,INBOUND,203.0,3.7,96.2,Resolved
AGT-006,Arjun Nair,June-2026,9,22,Inbound,152.8,3.4,92.3,Resolved
AGT-020,Rahul Sharma,May-2026,14,12,Inbound,290.8,5.0,90.0,Resolved
AGT-013,Rahul Wilson,April-2026,9,24,Inbound,222.2,4.8,96.1,Resolved
AGT-020,Rahul Sharma,April-2026,7,11,Inbound,232.7,3.7,84.3,Resolved
AGT-002,Arjun Sharma,July-2026,23,24,Inbound,184.4,4.8,98.2,Resolved
AGT-023,Michael Wilson,May-2026,9,20,Inbound,290.6,4.7,100.0,Resolved
AGT-024,James Reddy,June-2026,25,8,Inbound,306.9,3.5,79.4,Resolved
AGT-006,Arjun Nair,June-2026,24,22,Inbound,248.2,3.9,85.3,Resolved
AGT-004,Priya Nair,March-2026,16,5,Inbound,304.2,3.2,75.9,Resolved
AGT-018,Sarah Iyer,February-2026,22,23,Inbound,228.2,4.4,95.6,Resolved
AGT-004,Priya Nair,May-2026,11,7,INBOUND,352.6,4.4,66.9,Unresolved
AGT-016,Ananya Verma,May-2026,7,20,Inbound,218.0,3.8,95.7,Resolved
AGT-025, Arjun Reddy ,February-2026,17,22,Inbound,255.0,4.4,97.2,Resolved
AGT-010,James Iyer,May-2026,9,9,Inbound,270.4,3.3,75.0,Resolved
AGT-015,Arjun Nair,April-2026,13,11,Inbound,305.0,4.2,77.4,Resolved
AGT-005,Rahul Chang,February-2026,15,0,Inbound,342.9,3.3,57.2,Resolved
AGT-017,Neha Sharma,April-2026,23,2,Inbound,247.6,2.5,64.4,Escalated
AGT-025,Arjun Reddy,June-2026,12,26,Inbound,246.9,5.0,73.1,Resolved
AGT-017,Neha Sharma,February-2026,16,0,Inbound,361.7,3.0,50.8,Resolved
AGT-006,Arjun Nair,February-2026,24,18,Inbound,221.2,5.0,88.8,Resolved
AGT-010,James Iyer,July-2026,18,11,Inbound,268.4,3.5,71.3,Unresolved
AGT-008,Kavya Gupta,April-2026,26,10,Inbound,301.9,,82.3,Pending
AGT-017,Neha Sharma,April-2026,24,2,Inbound,326.6,3.6,64.1,Pending
AGT-014,Priya Iyer,June-2026,9,22,Inbound,276.6,4.1,86.5,Resolved
AGT-003,Sarah Reddy,July-2026,22,27,Inbound,250.3,4.7,87.5,Escalated
AGT-010,James Iyer,February-2026,23,6,Inbound,240.5,3.2,81.2,Resolved
AGT-008,Kavya Gupta,June-2026,7,12,Inbound,243.5,4.6,73.8,Resolved
AGT-020,Rahul Sharma,May-2026,7,12,Inbound,280.4,4.8,,Resolved
AGT-016,Ananya Verma,June-2026,4,21,Inbound,154.8,3.3,100.0,Escalated
AGT-023,Michael Wilson,February-2026,8,17,INBOUND,209.9,5.0,83.9,Resolved
AGT-005,Rahul Chang,July-2026,9,5,Inbound,371.3,4.4,85.1,Escalated
AGT-018,Sarah Iyer,June-2026,4,27,Inbound,302.2,4.6,90.9,Resolved
AGT-001, Arjun Jenkins ,May-2026,3,19,Inbound,197.3,5.0,77.8,Resolved
AGT-002,Arjun Sharma,February-2026,15,19,Inbound,260.5,3.7,94.7,Resolved
AGT-024,James Reddy,February-2026,16,4,Inbound,262.0,3.3,55.8,Resolved
AGT-006,Arjun Nair,May-2026,2,21,Inbound,237.1,5.0,88.1,Pending
AGT-019,Kavya Gupta,May-2026,15,26,Inbound,212.4,4.1,,Resolved
AGT-008, Kavya Gupta ,May-2026,10,11,Inbound,272.3,3.7,81.7,Escalated
AGT-021,Ananya Gupta,June-2026,12,13,Inbound,267.9,4.1,92.6,Pending
AGT-010,James Iyer,June-2026,14,10,Inbound,305.4,4.2,85.6,Resolved
AGT-022,Michael Iyer,April-2026,3,21,Inbound,327.0,4.3,89.6,Escalated
AGT-020,Rahul Sharma,May-2026,2,12,Inbound,209.3,4.7,91.3,Resolved
AGT-011,David Chang,May-2026,8,12,Inbound,279.6,3.3,74.3,Resolved
AGT-021,Ananya Gupta,May-2026,25,12,Inbound,316.8,3.2,76.7,Escalated
AGT-006,Arjun Nair,February-2026,20,18,Inbound,247.3,5.0,93.9,Resolved
AGT-003,Sarah Reddy,June-2026,24,26,Inbound,242.6,5.0,100.0,Resolved
AGT-019,Kavya Gupta,February-2026,10,23,Inbound,221.4,5.0,77.0,Unresolved
AGT-009,Arjun Sharma,June-2026,8,6,Inbound,352.0,2.2,88.0,Escalated
AGT-003,Sarah Reddy,April-2026,16,24,Inbound,245.9,4.7,83.6,Resolved
AGT-007,Rahul Iyer,April-2026,17,26,Inbound,234.3,4.5,,Resolved
AGT-025,Arjun Reddy,July-2026,5,27,Inbound,265.1,5.0,92.5,Resolved
AGT-014,Priya Iyer,July-2026,19,23,Inbound,364.5,5.0,96.8,Resolved
AGT-021,Ananya Gupta,July-2026,2,14,INBOUND,252.1,3.6,87.2,Resolved
AGT-019,Kavya Gupta,February-2026,19,23,Inbound,196.6,4.8,83.1,Resolved
AGT-018,Sarah Iyer,April-2026,12,25,Inbound,267.1,3.4,97.4,Escalated
AGT-003,Sarah Reddy,April-2026,11,24,Inbound,260.5,3.3,88.9,Resolved
AGT-020,Rahul Sharma,April-2026,13,11,Inbound,272.0,5.0,87.6,Unresolved
AGT-024,James Reddy,May-2026,2,7,Inbound,279.2,4.2,81.4,Unresolved
AGT-009,Arjun Sharma,March-2026,26,3,Inbound,281.8,3.0,62.0,Pending
AGT-005,Rahul Chang,May-2026,25,3,INBOUND,282.1,1.9,55.2,Escalated
AGT-005,Rahul Chang,May-2026,14,3,Inbound,244.3,3.2,63.1,Resolved
AGT-002,Arjun Sharma,April-2026,26,21,INBOUND,279.7,4.2,90.2,Resolved
AGT-025,Arjun Reddy,July-2026,8,27,Inbound,173.3,5.0,,Resolved
AGT-021,Ananya Gupta,March-2026,6,10,Inbound,289.2,4.5,68.9,Resolved
AGT-023, Michael Wilson ,May-2026,5,20,Inbound,375.2,4.4,80.4,Resolved
AGT-003,Sarah Reddy,May-2026,2,25,Inbound,266.6,5.0,83.1,Resolved
AGT-025,Arjun Reddy,July-2026,1,27,Inbound,186.5,5.0,89.9,Resolved
AGT-018, Sarah Iyer ,July-2026,22,28,Inbound,226.6,4.0,87.8,Resolved
AGT-008,Kavya Gupta,February-2026,5,8,Inbound,273.6,2.8,85.1,Resolved
AGT-005,Rahul Chang,February-2026,9,0,Inbound,348.1,3.5,68.9,Unresolved
AGT-013,Rahul Wilson,June-2026,4,26,Inbound,238.8,4.2,85.1,Resolved
AGT-019,Kavya Gupta,June-2026,24,27,Inbound,287.9,5.0,97.3,Resolved
AGT-008,Kavya Gupta,February-2026,16,8,Inbound,282.5,3.3,80.1,Escalated
AGT-025,Arjun Reddy,June-2026,5,26,Inbound,257.9,5.0,83.2,Resolved
AGT-003,Sarah Reddy,March-2026,21,23,Inbound,285.2,4.6,94.3,Resolved
AGT-001,Arjun Jenkins,February-2026,11,16,Inbound,252.0,5.0,83.6,Unresolved
AGT-009,Arjun Sharma,March-2026,14,3,Inbound,377.6,3.3,69.7,Resolved
AGT-011,David Chang,April-2026,16,11,Inbound,275.3,,85.0,Escalated
AGT-022,Michael Iyer,February-2026,2,19,Inbound,262.3,5.0,83.8,Escalated
AGT-017,Neha Sharma,April-2026,3,2,Inbound,280.7,3.3,74.5,Resolved
AGT-008,Kavya Gupta,July-2026,2,13,Inbound,273.1,4.7,94.3,Resolved
AGT-025,Arjun Reddy,March-2026,13,23,Inbound,203.0,4.8,99.8,Pending
AGT-015,Arjun Nair,April-2026,19,11,Inbound,278.1,4.1,82.3,Resolved
AGT-018,Sarah Iyer,July-2026,6,28,INBOUND,247.6,4.9,84.7,Resolved
AGT-016,Ananya Verma,February-2026,15,17,Inbound,223.5,4.3,98.3,Resolved
AGT-018,Sarah Iyer,March-2026,19,24,Inbound,293.5,4.9,100.0,Resolved
AGT-020,Rahul Sharma,March-2026,19,10,Inbound,243.5,3.3,77.7,Resolved
AGT-010,James Iyer,June-2026,10,10,Inbound,229.0,3.7,82.7,Resolved
AGT-017,Neha Sharma,July-2026,11,5,Inbound,308.7,4.4,73.1,Resolved
AGT-007,Rahul Iyer,July-2026,22,29,Inbound,344.1,4.0,88.3,Resolved
AGT-009,Arjun Sharma,July-2026,20,7,Inbound,248.9,3.5,77.3,Unresolved
AGT-016,Ananya Verma,May-2026,14,20,Inbound,261.8,5.0,95.3,Resolved
AGT-023,Michael Wilson,June-2026,14,21,Inbound,283.7,4.8,91.1,Resolved
AGT-018,Sarah Iyer,June-2026,2,27,Inbound,293.0,5.0,100.0,Resolved
AGT-020,Rahul Sharma,June-2026,11,13,Inbound,275.2,3.2,84.6,Resolved
AGT-014, Priya Iyer ,April-2026,18,20,Inbound,283.6,5.0,90.5,Resolved
AGT-015,Arjun Nair,June-2026,16,13,Inbound,242.2,3.8,83.6,Resolved
AGT-018,Sarah Iyer,April-2026,24,25,Inbound,257.8,5.0,100.0,Resolved
AGT-018,Sarah Iyer,February-2026,14,23,Inbound,220.0,5.0,97.1,Resolved
AGT-012,Kavya Jenkins,February-2026,8,16,Inbound,289.4,4.2,83.0,Resolved
AGT-017,Neha Sharma,February-2026,15,0,Inbound,264.5,3.9,79.4,Pending
AGT-025,Arjun Reddy,June-2026,11,26,Inbound,282.0,5.0,88.1,Resolved
AGT-015,Arjun Nair,July-2026,5,14,Inbound,224.0,3.4,90.9,Resolved
AGT-012,Kavya Jenkins,February-2026,16,16,Inbound,267.5,3.3,95.8,Resolved
AGT-008,Kavya Gupta,June-2026,18,12,Inbound,316.5,4.4,100.0,Unresolved
AGT-024,James Reddy,June-2026,2,8,INBOUND,262.7,2.0,76.2,Escalated
AGT-001,Arjun Jenkins,May-2026,15,19,Inbound,210.8,3.8,85.7,Resolved
AGT-020,Rahul Sharma,June-2026,15,13,Inbound,310.4,4.6,89.0,Resolved
AGT-016,Ananya Verma,July-2026,24,22,Inbound,204.6,5.0,89.6,Escalated
AGT-001,Arjun Jenkins,June-2026,24,20,Inbound,296.9,,100.0,Resolved
AGT-017,Neha Sharma,July-2026,14,5,Inbound,310.2,4.1,67.9,Resolved
AGT-004,Priya Nair,July-2026,17,9,Inbound,215.1,,74.2,Resolved
AGT-013,Rahul Wilson,July-2026,24,27,Inbound,216.9,4.9,77.0,Resolved
AGT-012,Kavya Jenkins,July-2026,21,21,Inbound,209.7,,,Resolved
AGT-015,Arjun Nair,May-2026,26,12,Inbound,337.9,3.9,79.3,Resolved
AGT-015,Arjun Nair,February-2026,24,9,Inbound,317.6,4.3,81.8,Escalated
AGT-012,Kavya Jenkins,February-2026,11,16,Inbound,289.5,5.0,100.0,Pending
AGT-003,Sarah Reddy,March-2026,15,23,INBOUND,186.3,4.6,89.8,Resolved
AGT-023,Michael Wilson,May-2026,13,20,Inbound,268.9,4.5,75.3,Resolved
AGT-014,Priya Iyer,May-2026,20,21,Inbound,,4.9,98.3,Unresolved
AGT-022,Michael Iyer,May-2026,3,22,Inbound,249.3,4.9,77.5,Escalated
AGT-014,Priya Iyer,March-2026,4,19,Inbound,326.1,4.9,85.7,Resolved
AGT-007,Rahul Iyer,July-2026,19,29,Inbound,,5.0,81.5,Escalated
AGT-002,Arjun Sharma,July-2026,15,24,INBOUND,212.5,4.6,100.0,Resolved
AGT-010,James Iyer,July-2026,20,11,Inbound,319.0,4.1,79.2,Unresolved
AGT-018,Sarah Iyer,April-2026,26,25,Inbound,248.5,5.0,100.0,Resolved
AGT-001,Arjun Jenkins,June-2026,21,20,Inbound,240.9,5.0,75.5,Resolved
AGT-011,David Chang,April-2026,3,11,Inbound,215.6,5.0,95.2,Resolved
AGT-002,Arjun Sharma,June-2026,19,23,Inbound,231.2,4.2,100.0,Resolved
AGT-009,Arjun Sharma,June-2026,12,6,Inbound,293.3,2.9,72.7,Unresolved
AGT-008,Kavya Gupta,April-2026,2,10,Inbound,310.8,4.1,72.4,Unresolved
AGT-007,Rahul Iyer,March-2026,21,25,Inbound,316.5,5.0,85.2,Resolved
AGT-024,James Reddy,March-2026,21,5,Inbound,179.9,3.4,75.0,Pending
AGT-001,Arjun Jenkins,July-2026,3,21,Inbound,226.5,5.0,81.0,Resolved
AGT-023,Michael Wilson,May-2026,22,20,INBOUND,318.4,4.8,100.0,Resolved
AGT-020,Rahul Sharma,May-2026,10,12,Inbound,,4.4,65.5,Resolved
AGT-019,Kavya Gupta,May-2026,6,26,Inbound,227.0,4.8,81.9,Pending
AGT-005,Rahul Chang,June-2026,22,4,Inbound,296.2,2.5,64.8,Unresolved
AGT-018,Sarah Iyer,July-2026,13,28,Inbound,258.7,4.9,85.4,Pending
AGT-001,Arjun Jenkins,April-2026,26,18,Inbound,218.9,4.6,100.0,Resolved
AGT-013,Rahul Wilson,May-2026,11,25,Inbound,207.1,5.0,95.9,Resolved
AGT-002,Arjun Sharma,June-2026,15,23,INBOUND,212.9,,83.6,Resolved
AGT-010,James Iyer,May-2026,2,9,Inbound,301.8,3.8,80.0,Unresolved
AGT-015,Arjun Nair,February-2026,7,9,Inbound,167.5,4.8,100.0,Resolved
AGT-024,James Reddy,May-2026,16,7,Inbound,234.1,3.3,77.6,Resolved
AGT-005,Rahul Chang,March-2026,19,1,Inbound,282.0,2.7,63.1,Escalated
AGT-009,Arjun Sharma,February-2026,13,2,Inbound,301.2,3.4,73.0,Unresolved
AGT-017,Neha Sharma,May-2026,23,3,Inbound,340.9,4.2,61.3,Resolved
AGT-020,Rahul Sharma,February-2026,22,9,Inbound,196.7,,83.3,Resolved
AGT-009,Arjun Sharma,May-2026,14,5,Inbound,396.1,2.4,80.2,Resolved
AGT-022,Michael Iyer,July-2026,18,24,Inbound,134.4,4.0,92.2,Resolved
AGT-004,Priya Nair,June-2026,13,8,Inbound,254.7,2.8,,Pending
AGT-023,Michael Wilson,March-2026,24,18,Inbound,217.6,4.6,89.8,Resolved
AGT-004,Priya Nair,June-2026,15,8,Inbound,216.4,4.5,78.7,Resolved
AGT-017,Neha Sharma,June-2026,16,4,Inbound,308.5,3.0,74.0,Escalated
AGT-007,Rahul Iyer,July-2026,20,29,INBOUND,121.8,5.0,100.0,Resolved
AGT-023, Michael Wilson ,May-2026,7,20,Inbound,218.9,5.0,91.5,Resolved
AGT-020,Rahul Sharma,March-2026,8,10,Inbound,328.5,4.4,79.8,Resolved
AGT-008,Kavya Gupta,February-2026,14,8,Inbound,238.7,3.7,78.6,Resolved
AGT-010,James Iyer,May-2026,8,9,Inbound,248.8,5.0,74.4,Resolved
AGT-009,Arjun Sharma,July-2026,21,7,Inbound,,3.5,71.7,Pending
AGT-006,Arjun Nair,February-2026,5,18,Inbound,193.4,,,Resolved
AGT-002,Arjun Sharma,March-2026,10,20,INBOUND,220.5,5.0,88.8,Resolved
AGT-015,Arjun Nair,June-2026,17,13,Inbound,323.9,5.0,97.0,Pending
AGT-001,Arjun Jenkins,March-2026,23,17,Inbound,226.5,5.0,83.8,Resolved
AGT-003,Sarah Reddy,July-2026,8,27,Inbound,296.3,5.0,100.0,Unresolved
AGT-022,Michael Iyer,March-2026,4,20,Inbound,235.5,5.0,97.2,Pending
AGT-004,Priya Nair,March-2026,9,5,Inbound,338.6,3.6,85.1,Unresolved
AGT-022,Michael Iyer,July-2026,11,24,Inbound,257.3,5.0,92.5,Resolved
AGT-016,Ananya Verma,March-2026,3,18,Inbound,267.3,4.7,100.0,Resolved
AGT-013,Rahul Wilson,March-2026,25,23,Inbound,276.4,4.6,90.3,Resolved
AGT-017,Neha Sharma,July-2026,22,5,Inbound,296.4,3.5,70.7,Resolved
AGT-020,Rahul Sharma,June-2026,21,13,Inbound,281.0,5.0,84.3,Resolved
AGT-008,Kavya Gupta,July-2026,3,13,Inbound,219.7,3.8,99.5,Resolved
AGT-011,David Chang,June-2026,3,13,Inbound,322.1,3.8,85.1,Resolved
AGT-003,Sarah Reddy,June-2026,17,26,Inbound,268.4,5.0,85.2,Resolved
AGT-008,Kavya Gupta,May-2026,2,11,Inbound,262.4,5.0,89.2,Pending
AGT-015,Arjun Nair,June-2026,10,13,Inbound,268.8,4.1,89.1,Pending
AGT-024,James Reddy,April-2026,21,6,Inbound,316.2,3.0,79.9,Pending
AGT-024,James Reddy,July-2026,19,9,Inbound,311.0,3.5,84.4,Resolved
AGT-009,Arjun Sharma,February-2026,9,2,INBOUND,288.1,3.4,73.7,Resolved
AGT-025,Arjun Reddy,May-2026,2,25,Inbound,230.3,5.0,100.0,Resolved
AGT-020,Rahul Sharma,April-2026,9,11,Inbound,289.4,4.6,87.4,Resolved
AGT-006,Arjun Nair,June-2026,23,22,Inbound,286.9,5.0,100.0,Escalated
AGT-007,Rahul Iyer,February-2026,19,24,Inbound,203.6,4.3,91.5,Resolved
AGT-013,Rahul Wilson,March-2026,13,23,Inbound,304.0,4.0,88.6,Resolved
AGT-018,Sarah Iyer,May-2026,2,26,Inbound,255.0,4.1,91.2,Resolved
AGT-014,Priya Iyer,February-2026,7,18,Inbound,286.5,5.0,83.0,Resolved
AGT-008,Kavya Gupta,July-2026,8,13,Inbound,,4.8,85.0,Resolved
AGT-015,Arjun Nair,July-2026,9,14,Inbound,335.7,3.9,97.9,Escalated
AGT-001,Arjun Jenkins,March-2026,18,17,Inbound,211.3,4.4,84.2,Pending
AGT-009,Arjun Sharma,July-2026,26,7,Inbound,258.1,3.2,85.6,Escalated
AGT-003,Sarah Reddy,May-2026,5,25,Inbound,215.0,5.0,100.0,Resolved
AGT-016,Ananya Verma,July-2026,19,22,Inbound,337.9,5.0,97.5,Resolved
AGT-022,Michael Iyer,March-2026,19,20,Inbound,305.8,4.5,89.4,Resolved
AGT-013,Rahul Wilson,July-2026,19,27,Inbound,202.6,4.2,89.4,Resolved
AGT-005,Rahul Chang,February-2026,13,0,Inbound,321.4,2.8,61.2,Resolved
AGT-024, James Reddy ,February-2026,3,4,Inbound,315.3,3.3,76.1,Resolved
AGT-006,Arjun Nair,April-2026,21,20,Inbound,280.9,5.0,79.1,Resolved
AGT-005,Rahul Chang,February-2026,7,0,Inbound,331.7,,71.2,Resolved
AGT-008,Kavya Gupta,February-2026,25,8,Inbound,261.5,3.4,71.4,Unresolved
AGT-010,James Iyer,June-2026,5,10,Inbound,178.3,4.9,78.7,Pending
AGT-020,Rahul Sharma,July-2026,11,14,Inbound,271.1,5.0,96.3,Resolved
AGT-006,Arjun Nair,February-2026,23,18,Inbound,330.5,5.0,89.0,Resolved
AGT-025,Arjun Reddy,April-2026,10,24,Inbound,254.3,4.5,100.0,Resolved
AGT-014,Priya Iyer,July-2026,1,23,Inbound,260.5,5.0,100.0,Escalated
AGT-020,Rahul Sharma,March-2026,7,10,Inbound,284.4,4.0,76.8,Unresolved
AGT-006,Arjun Nair,July-2026,25,23,Inbound,194.8,5.0,86.1,Escalated
AGT-005,Rahul Chang,June-2026,20,4,Inbound,363.6,4.5,61.9,Resolved
AGT-006,Arjun Nair,May-2026,25,21,Inbound,200.0,4.5,100.0,Resolved
AGT-002,Arjun Sharma,February-2026,4,19,Inbound,173.9,5.0,100.0,Resolved
AGT-022,Michael Iyer,March-2026,1,20,Inbound,260.1,4.4,90.3,Resolved
AGT-018,Sarah Iyer,July-2026,26,28,Inbound,291.9,5.0,100.0,Resolved
AGT-004,Priya Nair,February-2026,4,4,Inbound,250.9,,,Resolved
AGT-009,Arjun Sharma,July-2026,23,7,Inbound,287.5,3.5,84.6,Pending
AGT-023,Michael Wilson,July-2026,8,22,Inbound,236.6,4.8,97.4,Unresolved
AGT-011,David Chang,May-2026,20,12,Inbound,338.5,2.9,76.2,Unresolved
AGT-009,Arjun Sharma,July-2026,11,7,Inbound,329.7,3.9,70.9,Resolved
AGT-019,Kavya Gupta,May-2026,21,26,Inbound,285.8,4.7,100.0,Escalated
AGT-010,James Iyer,June-2026,7,10,Inbound,284.2,3.8,81.1,Resolved
AGT-010,James Iyer,May-2026,7,9,Inbound,244.9,4.4,100.0,Escalated
AGT-020,Rahul Sharma,July-2026,5,14,Inbound,232.5,4.1,93.6,Resolved
AGT-025,Arjun Reddy,June-2026,14,26,Inbound,191.8,5.0,100.0,Resolved
AGT-002,Arjun Sharma,March-2026,2,20,Inbound,251.7,,79.0,Resolved
AGT-019,Kavya Gupta,February-2026,11,23,Inbound,,5.0,97.3,Unresolved
AGT-002,Arjun Sharma,July-2026,5,24,Inbound,305.8,5.0,100.0,Resolved
AGT-014,Priya Iyer,May-2026,3,21,Inbound,218.2,4.8,95.8,Resolved
AGT-008, Kavya Gupta ,April-2026,5,10,Inbound,287.7,2.8,79.9,Escalated
AGT-020,Rahul Sharma,April-2026,5,11,Inbound,294.3,3.4,87.2,Resolved
AGT-023,Michael Wilson,April-2026,24,19,Inbound,305.3,5.0,94.5,Resolved
AGT-012,Kavya Jenkins,February-2026,25,16,Inbound,244.1,4.3,83.8,Resolved
AGT-010,James Iyer,March-2026,13,7,Inbound,333.7,4.8,73.6,Resolved
AGT-004,Priya Nair,April-2026,3,6,Inbound,268.7,,77.1,Resolved
AGT-016,Ananya Verma,May-2026,8,20,Inbound,225.7,3.2,100.0,Resolved
AGT-016,Ananya Verma,February-2026,26,17,Inbound,279.0,5.0,98.8,Resolved
AGT-007,Rahul Iyer,June-2026,1,28,Inbound,307.7,4.2,92.4,Resolved
AGT-007,Rahul Iyer,June-2026,16,28,Inbound,233.9,5.0,98.2,Resolved
AGT-024,James Reddy,May-2026,9,7,Inbound,246.1,4.0,74.9,Resolved
AGT-008,Kavya Gupta,March-2026,7,9,Inbound,253.6,4.6,74.9,Resolved
AGT-011,David Chang,July-2026,26,14,Inbound,,4.5,100.0,Resolved
AGT-010,James Iyer,July-2026,16,11,Inbound,262.2,4.0,80.6,Unresolved
AGT-024,James Reddy,April-2026,10,6,Inbound,215.6,4.1,80.1,Resolved
AGT-005,Rahul Chang,March-2026,6,1,Inbound,285.4,2.7,55.0,Pending
AGT-015,Arjun Nair,February-2026,5,9,Inbound,296.8,3.8,70.8,Resolved
AGT-014,Priya Iyer,February-2026,14,18,Inbound,321.8,4.1,100.0,Resolved
AGT-025,Arjun Reddy,July-2026,11,27,Inbound,227.1,4.4,94.8,Resolved
AGT-020,Rahul Sharma,July-2026,9,14,Inbound,250.0,4.3,90.9,Pending
AGT-003,Sarah Reddy,May-2026,20,25,Inbound,207.8,4.6,94.7,Resolved
AGT-019,Kavya Gupta,June-2026,13,27,Inbound,236.9,3.8,89.5,Escalated
AGT-003,Sarah Reddy,February-2026,1,22,Inbound,221.4,4.7,100.0,Resolved
AGT-004,Priya Nair,March-2026,7,5,Inbound,358.7,3.5,73.9,Resolved
AGT-023,Michael Wilson,February-2026,23,17,Inbound,331.1,4.7,80.5,Resolved
AGT-007,Rahul Iyer,July-2026,12,29,Inbound,308.5,4.0,90.0,Resolved
AGT-025,Arjun Reddy,March-2026,21,23,Inbound,257.6,4.6,90.9,Resolved
AGT-014,Priya Iyer,April-2026,19,20,Inbound,270.3,5.0,99.5,Escalated
AGT-008,Kavya Gupta,June-2026,10,12,Inbound,160.5,4.1,96.0,Resolved
AGT-018,Sarah Iyer,May-2026,18,26,Inbound,239.4,,92.8,Resolved
AGT-017,Neha Sharma,June-2026,24,4,Inbound,280.8,3.7,65.0,Pending
AGT-004,Priya Nair,June-2026,11,8,Inbound,346.1,2.9,66.8,Escalated
AGT-005,Rahul Chang,February-2026,21,0,Inbound,320.5,3.0,54.6,Pending
AGT-019,Kavya Gupta,February-2026,12,23,Inbound,238.8,5.0,100.0,Resolved
AGT-005,Rahul Chang,February-2026,8,0,Inbound,378.8,2.6,62.6,Unresolved
AGT-021,Ananya Gupta,April-2026,26,11,Inbound,292.2,,92.7,Resolved
AGT-023,Michael Wilson,March-2026,8,18,Inbound,250.0,5.0,97.6,Escalated
AGT-006,Arjun Nair,July-2026,13,23,Inbound,190.1,4.4,79.6,Resolved
AGT-010,James Iyer,March-2026,8,7,Inbound,299.6,2.5,84.4,Pending
AGT-013,Rahul Wilson,April-2026,7,24,Inbound,241.0,4.8,100.0,Escalated
AGT-023,Michael Wilson,February-2026,16,17,INBOUND,249.8,5.0,97.9,Escalated
AGT-007, Rahul Iyer ,March-2026,9,25,Inbound,301.6,5.0,100.0,Unresolved
AGT-009,Arjun Sharma,March-2026,11,3,Inbound,335.1,3.7,,Resolved
AGT-010,James Iyer,July-2026,22,11,Inbound,304.4,5.0,94.7,Resolved
AGT-003,Sarah Reddy,May-2026,17,25,Inbound,304.0,4.4,100.0,Escalated
AGT-005,Rahul Chang,June-2026,2,4,Inbound,357.7,3.4,60.0,Escalated
AGT-006,Arjun Nair,February-2026,1,18,Inbound,250.2,4.2,91.3,Resolved
AGT-024,James Reddy,March-2026,6,5,Inbound,324.3,4.0,71.7,Pending
AGT-007,Rahul Iyer,July-2026,21,29,Inbound,147.6,4.8,100.0,Resolved
AGT-020,Rahul Sharma,June-2026,18,13,Inbound,,4.4,91.1,Resolved
AGT-006,Arjun Nair,July-2026,18,23,Inbound,267.4,5.0,98.5,Resolved
AGT-021,Ananya Gupta,February-2026,12,9,Inbound,231.6,4.8,76.9,Resolved
AGT-015,Arjun Nair,June-2026,26,13,Inbound,291.9,4.0,85.7,Resolved
AGT-014,Priya Iyer,April-2026,23,20,Inbound,232.6,5.0,100.0,Pending
AGT-001, Arjun Jenkins ,April-2026,24,18,Inbound,192.3,5.0,88.8,Pending
AGT-014,Priya Iyer,April-2026,8,20,Inbound,217.3,3.9,91.4,Resolved
AGT-024,James Reddy,April-2026,22,6,Inbound,289.6,3.1,70.5,Resolved
AGT-001,Arjun Jenkins,April-2026,16,18,Inbound,286.0,5.0,93.2,Resolved
AGT-024,James Reddy,March-2026,2,5,Inbound,324.6,3.9,95.8,Pending
AGT-008,Kavya Gupta,May-2026,4,11,Inbound,334.2,3.1,83.8,Resolved
AGT-012,Kavya Jenkins,May-2026,2,19,Inbound,223.8,4.8,84.0,Resolved
AGT-001,Arjun Jenkins,June-2026,23,20,Inbound,252.4,5.0,100.0,Pending
AGT-010,James Iyer,July-2026,11,11,Inbound,263.0,4.4,76.6,Escalated
AGT-016,Ananya Verma,May-2026,16,20,Inbound,294.2,4.1,95.4,Escalated
AGT-009,Arjun Sharma,July-2026,19,7,Inbound,242.2,3.4,62.0,Resolved
AGT-011,David Chang,July-2026,16,14,Inbound,317.9,5.0,97.8,Resolved
AGT-003,Sarah Reddy,July-2026,19,27,Inbound,257.7,4.2,89.0,Resolved
AGT-015,Arjun Nair,February-2026,18,9,Inbound,247.7,2.9,76.9,Resolved
AGT-011,David Chang,April-2026,5,11,Inbound,324.8,4.6,94.5,Pending
AGT-021,Ananya Gupta,February-2026,23,9,Inbound,273.2,4.7,79.0,Unresolved
AGT-025,Arjun Reddy,May-2026,9,25,Inbound,175.7,4.2,100.0,Resolved
AGT-024,James Reddy,June-2026,10,8,Inbound,298.6,3.1,78.0,Pending
AGT-016,Ananya Verma,May-2026,2,20,Inbound,256.0,4.8,91.4,Resolved
AGT-003, Sarah Reddy ,July-2026,18,27,Inbound,213.8,4.8,100.0,Resolved
AGT-001,Arjun Jenkins,June-2026,14,20,Inbound,278.0,4.6,100.0,Resolved
AGT-025,Arjun Reddy,February-2026,9,22,Inbound,,3.2,94.2,Resolved
AGT-016,Ananya Verma,March-2026,20,18,Inbound,237.8,4.5,96.6,Resolved
AGT-014,Priya Iyer,June-2026,3,22,Inbound,309.2,4.9,100.0,Resolved
AGT-011,David Chang,April-2026,12,11,Inbound,291.0,3.0,78.6,Pending
AGT-024,James Reddy,April-2026,20,6,Inbound,214.2,3.1,58.0,Resolved
AGT-012,Kavya Jenkins,April-2026,23,18,Inbound,263.9,4.5,88.8,Resolved
AGT-020,Rahul Sharma,February-2026,21,9,Inbound,314.4,4.5,78.9,Resolved
AGT-025,Arjun Reddy,May-2026,20,25,Inbound,,5.0,85.4,Resolved
AGT-014,Priya Iyer,May-2026,9,21,Inbound,245.5,4.5,97.3,Escalated
AGT-020,Rahul Sharma,March-2026,15,10,Inbound,339.6,4.8,,Escalated
AGT-020, Rahul Sharma ,April-2026,20,11,Inbound,249.1,3.4,82.7,Resolved
AGT-005,Rahul Chang,June-2026,18,4,Inbound,235.6,4.0,68.4,Resolved
AGT-022,Michael Iyer,June-2026,12,23,Inbound,233.3,4.4,,Resolved
AGT-012,Kavya Jenkins,February-2026,3,16,Inbound,245.8,4.5,100.0,Resolved
AGT-022,Michael Iyer,July-2026,6,24,Inbound,,5.0,92.5,Resolved
AGT-012,Kavya Jenkins,July-2026,26,21,Inbound,301.9,3.6,92.7,Escalated
AGT-007,Rahul Iyer,May-2026,5,27,Inbound,284.9,5.0,100.0,Escalated
AGT-009,Arjun Sharma,April-2026,7,4,Inbound,291.8,3.8,68.6,Resolved
AGT-019,Kavya Gupta,March-2026,8,24,Inbound,241.3,5.0,86.5,Resolved
AGT-017,Neha Sharma,July-2026,5,5,Inbound,345.0,2.9,69.6,Resolved
AGT-005,Rahul Chang,May-2026,11,3,Inbound,303.7,3.6,100.0,Pending
AGT-004,Priya Nair,May-2026,5,7,Inbound,338.3,3.5,95.3,Resolved
AGT-001,Arjun Jenkins,February-2026,18,16,Inbound,,4.2,92.5,Pending
AGT-018,Sarah Iyer,June-2026,24,27,Inbound,228.1,4.1,93.0,Resolved
AGT-021,Ananya Gupta,April-2026,11,11,Inbound,338.9,4.0,82.0,Unresolved
AGT-002,Arjun Sharma,April-2026,11,21,Inbound,180.3,5.0,88.6,Resolved
AGT-001, Arjun Jenkins ,March-2026,22,17,Inbound,204.9,5.0,94.3,Resolved
AGT-007,Rahul Iyer,February-2026,26,24,Inbound,189.3,4.2,100.0,Resolved
AGT-018,Sarah Iyer,May-2026,16,26,Inbound,233.7,4.0,87.8,Resolved
AGT-006,Arjun Nair,May-2026,14,21,Inbound,262.9,4.8,93.8,Resolved
AGT-023,Michael Wilson,May-2026,20,20,INBOUND,226.0,4.8,96.3,Resolved
AGT-011,David Chang,May-2026,3,12,Inbound,361.4,3.6,98.0,Resolved
AGT-016,Ananya Verma,March-2026,25,18,Inbound,347.3,3.2,100.0,Resolved
AGT-012,Kavya Jenkins,June-2026,5,20,Inbound,250.3,4.5,100.0,Resolved
AGT-008,Kavya Gupta,March-2026,16,9,Inbound,320.1,3.3,80.0,Resolved
AGT-022,Michael Iyer,March-2026,22,20,Inbound,294.9,4.0,94.8,Resolved
AGT-019,Kavya Gupta,March-2026,9,24,Inbound,242.1,3.5,95.5,Pending
AGT-023,Michael Wilson,July-2026,14,22,Inbound,267.0,5.0,98.7,Resolved
AGT-018,Sarah Iyer,April-2026,1,25,Inbound,140.3,3.5,94.2,Resolved
AGT-009,Arjun Sharma,March-2026,2,3,Inbound,286.3,2.5,89.6,Resolved
AGT-011,David Chang,March-2026,9,10,Inbound,257.2,4.9,67.3,Pending
AGT-018,Sarah Iyer,March-2026,24,24,Inbound,306.7,5.0,76.4,Resolved
AGT-003,Sarah Reddy,February-2026,25,22,Inbound,,4.4,100.0,Resolved
AGT-017,Neha Sharma,July-2026,12,5,Inbound,279.8,3.6,81.8,Pending
AGT-005,Rahul Chang,May-2026,24,3,Inbound,359.4,3.7,73.5,Pending
AGT-009,Arjun Sharma,March-2026,15,3,Inbound,291.2,2.6,65.9,Resolved
AGT-023,Michael Wilson,April-2026,10,19,Inbound,252.7,5.0,92.3,Resolved
AGT-022,Michael Iyer,July-2026,23,24,Inbound,242.0,5.0,97.6,Resolved
AGT-007,Rahul Iyer,March-2026,25,25,INBOUND,273.2,4.0,100.0,Resolved
AGT-017,Neha Sharma,March-2026,19,1,Inbound,,2.5,77.1,Resolved
AGT-019,Kavya Gupta,May-2026,14,26,Inbound,181.1,5.0,100.0,Escalated
AGT-014,Priya Iyer,July-2026,17,23,Inbound,241.2,4.8,100.0,Resolved
AGT-003,Sarah Reddy,July-2026,10,27,Inbound,,3.7,97.8,Resolved
AGT-024,James Reddy,February-2026,12,4,Inbound,286.3,3.6,59.0,Escalated
AGT-018,Sarah Iyer,July-2026,19,28,Inbound,270.1,4.0,100.0,Resolved
AGT-007,Rahul Iyer,February-2026,2,24,INBOUND,213.1,3.7,95.4,Pending
AGT-009,Arjun Sharma,July-2026,22,7,Inbound,306.5,4.1,,Resolved
AGT-003,Sarah Reddy,April-2026,12,24,Inbound,284.1,4.7,95.3,Resolved
AGT-006,Arjun Nair,April-2026,14,20,Inbound,290.2,5.0,93.0,Resolved
AGT-010,James Iyer,July-2026,1,11,Inbound,318.6,4.4,73.1,Resolved
AGT-008,Kavya Gupta,April-2026,16,10,Inbound,265.4,3.2,60.8,Resolved
AGT-009,Arjun Sharma,March-2026,25,3,Inbound,291.9,3.7,57.4,Resolved
AGT-004,Priya Nair,February-2026,11,4,Inbound,309.5,3.6,74.1,Pending
AGT-021,Ananya Gupta,July-2026,19,14,Inbound,218.2,5.0,100.0,Resolved
AGT-013,Rahul Wilson,February-2026,14,22,Inbound,273.0,5.0,93.2,Unresolved
AGT-008,Kavya Gupta,February-2026,11,8,Inbound,,4.6,80.9,Resolved
AGT-001,Arjun Jenkins,July-2026,24,21,Inbound,263.1,4.9,100.0,Resolved
AGT-020,Rahul Sharma,July-2026,21,14,Inbound,257.1,4.5,79.4,Resolved
AGT-013,Rahul Wilson,May-2026,21,25,Inbound,263.2,5.0,95.1,Resolved
AGT-008,Kavya Gupta,May-2026,11,11,Inbound,276.9,4.0,84.3,Resolved
AGT-015,Arjun Nair,March-2026,7,10,INBOUND,350.4,4.7,85.0,Resolved
AGT-006,Arjun Nair,February-2026,22,18,Inbound,228.1,4.6,91.8,Resolved
AGT-001,Arjun Jenkins,July-2026,15,21,Inbound,210.1,4.5,85.9,Resolved
AGT-002,Arjun Sharma,April-2026,12,21,INBOUND,280.4,5.0,100.0,Escalated
AGT-023,Michael Wilson,May-2026,8,20,Inbound,328.1,4.3,100.0,Resolved
AGT-014,Priya Iyer,May-2026,21,21,Inbound,201.1,5.0,77.2,Resolved
AGT-005,Rahul Chang,February-2026,10,0,Inbound,352.1,2.9,50.0,Escalated
AGT-012,Kavya Jenkins,July-2026,24,21,Inbound,305.5,5.0,100.0,Resolved
AGT-005,Rahul Chang,February-2026,25,0,Inbound,347.9,3.3,58.2,Escalated
AGT-011,David Chang,February-2026,7,9,Inbound,279.6,4.4,82.0,Resolved
AGT-016,Ananya Verma,July-2026,5,22,Inbound,,5.0,88.9,Resolved
AGT-020,Rahul Sharma,February-2026,24,9,Inbound,340.6,4.6,98.9,Resolved
AGT-010,James Iyer,March-2026,19,7,Inbound,298.5,4.1,80.2,Resolved
AGT-013,Rahul Wilson,March-2026,12,23,Inbound,240.1,3.6,95.3,Pending
AGT-008,Kavya Gupta,April-2026,22,10,Inbound,252.4,5.0,70.4,Resolved
AGT-002,Arjun Sharma,May-2026,19,22,Inbound,211.2,5.0,100.0,Resolved
AGT-010,James Iyer,April-2026,21,8,Inbound,356.6,4.2,81.3,Resolved
AGT-006,Arjun Nair,May-2026,24,21,Inbound,257.5,3.9,91.4,Escalated
AGT-016,Ananya Verma,June-2026,10,21,Inbound,253.5,4.8,86.9,Pending
AGT-006,Arjun Nair,July-2026,11,23,Inbound,190.7,4.2,98.4,Resolved
AGT-007,Rahul Iyer,April-2026,4,26,Inbound,252.8,4.3,94.2,Resolved
AGT-014,Priya Iyer,February-2026,11,18,INBOUND,236.9,5.0,100.0,Resolved
AGT-022,Michael Iyer,July-2026,17,24,Inbound,270.1,5.0,100.0,Resolved
AGT-013,Rahul Wilson,July-2026,2,27,Inbound,281.3,5.0,100.0,Unresolved
AGT-007,Rahul Iyer,March-2026,22,25,Inbound,321.9,5.0,90.9,Resolved
AGT-004,Priya Nair,March-2026,19,5,Inbound,332.0,2.1,84.9,Resolved
AGT-022,Michael Iyer,June-2026,15,23,Inbound,233.1,4.4,77.9,Resolved
AGT-001,Arjun Jenkins,March-2026,26,17,Inbound,217.4,3.9,100.0,Resolved
AGT-021,Ananya Gupta,April-2026,22,11,Inbound,313.5,4.6,71.8,Resolved
AGT-005,Rahul Chang,May-2026,16,3,Inbound,312.6,4.0,66.6,Resolved
AGT-024,James Reddy,July-2026,10,9,Inbound,320.5,3.1,89.4,Unresolved
AGT-024,James Reddy,April-2026,26,6,Inbound,312.8,3.0,52.6,Resolved
AGT-024,James Reddy,February-2026,8,4,Inbound,314.2,2.2,92.3,Pending
AGT-025,Arjun Reddy,February-2026,18,22,Inbound,167.5,3.9,88.3,Resolved
AGT-001,Arjun Jenkins,June-2026,12,20,Inbound,250.6,4.1,94.2,Resolved
AGT-003,Sarah Reddy,March-2026,1,23,Inbound,237.5,5.0,99.3,Resolved
AGT-015,Arjun Nair,May-2026,21,12,Inbound,229.0,4.7,83.6,Resolved
AGT-012,Kavya Jenkins,February-2026,1,16,Inbound,220.4,3.9,85.0,Resolved
AGT-013,Rahul Wilson,July-2026,23,27,Inbound,276.0,5.0,100.0,Resolved
AGT-024,James Reddy,July-2026,26,9,Inbound,372.8,3.9,76.7,Resolved
AGT-019,Kavya Gupta,June-2026,23,27,Inbound,251.4,5.0,100.0,Resolved
AGT-025,Arjun Reddy,March-2026,12,23,Inbound,243.0,4.9,74.7,Resolved
AGT-020,Rahul Sharma,March-2026,24,10,INBOUND,290.2,3.5,89.3,Resolved
AGT-017,Neha Sharma,April-2026,6,2,Inbound,237.1,2.6,60.9,Unresolved
AGT-018,Sarah Iyer,July-2026,16,28,Inbound,296.0,5.0,84.5,Resolved
AGT-011,David Chang,April-2026,21,11,Inbound,323.6,3.9,88.6,Escalated
AGT-003,Sarah Reddy,June-2026,8,26,Inbound,229.2,4.2,98.7,Resolved
AGT-015,Arjun Nair,May-2026,2,12,Inbound,220.8,4.0,97.6,Resolved
AGT-024,James Reddy,April-2026,12,6,Inbound,267.6,3.3,70.2,Escalated
AGT-020,Rahul Sharma,March-2026,22,10,Inbound,359.4,3.8,75.8,Resolved
AGT-008,Kavya Gupta,May-2026,5,11,Inbound,233.5,4.5,92.2,Resolved
AGT-003,Sarah Reddy,March-2026,17,23,INBOUND,260.4,4.8,100.0,Resolved
AGT-022,Michael Iyer,July-2026,26,24,INBOUND,343.5,,93.6,Resolved
AGT-016,Ananya Verma,May-2026,17,20,Inbound,190.1,4.8,100.0,Resolved
AGT-003,Sarah Reddy,May-2026,18,25,Inbound,233.6,3.7,98.0,Resolved
AGT-017,Neha Sharma,February-2026,4,0,Inbound,308.5,2.7,62.8,Pending
AGT-006,Arjun Nair,April-2026,24,20,Inbound,261.8,3.7,96.7,Resolved
AGT-025,Arjun Reddy,February-2026,11,22,Inbound,212.1,3.9,91.1,Resolved
AGT-022,Michael Iyer,March-2026,9,20,Inbound,256.7,4.6,78.3,Resolved
AGT-014,Priya Iyer,March-2026,12,19,Inbound,201.5,4.1,93.8,Resolved
AGT-018,Sarah Iyer,June-2026,7,27,Inbound,231.1,5.0,100.0,Resolved
AGT-003,Sarah Reddy,June-2026,18,26,Inbound,217.7,5.0,99.5,Resolved
AGT-018,Sarah Iyer,May-2026,4,26,Inbound,187.7,5.0,88.4,Resolved
AGT-014,Priya Iyer,April-2026,25,20,Inbound,241.2,3.9,91.7,Resolved
AGT-019,Kavya Gupta,February-2026,18,23,Inbound,235.0,4.9,93.9,Resolved
AGT-016,Ananya Verma,June-2026,3,21,Inbound,245.3,4.7,92.0,Resolved
AGT-025,Arjun Reddy,July-2026,7,27,Inbound,235.4,5.0,96.3,Resolved
AGT-013, Rahul Wilson ,March-2026,1,23,Inbound,236.3,4.2,92.9,Resolved
AGT-009,Arjun Sharma,April-2026,12,4,Inbound,394.0,,69.2,Resolved
AGT-018,Sarah Iyer,March-2026,9,24,Inbound,249.3,4.6,99.4,Resolved
AGT-003,Sarah Reddy,February-2026,11,22,INBOUND,176.4,4.8,80.1,Resolved
AGT-006,Arjun Nair,June-2026,7,22,Inbound,304.6,4.0,100.0,Resolved
AGT-021,Ananya Gupta,February-2026,22,9,Inbound,287.1,4.5,77.2,Unresolved
AGT-011,David Chang,February-2026,11,9,Inbound,329.2,4.1,81.0,Escalated
AGT-020,Rahul Sharma,March-2026,13,10,Inbound,311.0,3.8,81.3,Escalated
AGT-017,Neha Sharma,March-2026,12,1,Inbound,237.4,3.6,,Unresolved
AGT-022,Michael Iyer,March-2026,21,20,Inbound,267.5,4.1,100.0,Resolved
AGT-008,Kavya Gupta,February-2026,6,8,Inbound,196.8,5.0,66.1,Pending
AGT-010,James Iyer,February-2026,24,6,Inbound,324.0,4.5,71.6,Resolved
AGT-016,Ananya Verma,February-2026,1,17,Inbound,191.9,4.4,96.5,Resolved
AGT-016,Ananya Verma,May-2026,3,20,Inbound,248.9,5.0,81.8,Pending
AGT-018,Sarah Iyer,July-2026,15,28,Inbound,214.3,4.9,87.6,Resolved
AGT-006,Arjun Nair,June-2026,19,22,Inbound,198.0,3.8,83.5,Resolved
AGT-010,James Iyer,February-2026,1,6,Inbound,238.1,3.3,69.3,Resolved
AGT-010,James Iyer,April-2026,10,8,Inbound,218.8,4.8,70.7,Resolved
AGT-014,Priya Iyer,July-2026,14,23,Inbound,210.8,5.0,100.0,Resolved
AGT-013, Rahul Wilson ,June-2026,9,26,INBOUND,206.3,,92.0,Escalated
AGT-013,Rahul Wilson,April-2026,10,24,Inbound,189.7,3.8,89.5,Pending
AGT-025, Arjun Reddy ,May-2026,15,25,Inbound,238.4,5.0,100.0,Resolved
AGT-006,Arjun Nair,July-2026,26,23,Inbound,261.5,5.0,92.0,Resolved
AGT-008,Kavya Gupta,March-2026,15,9,Inbound,270.9,3.5,93.4,Resolved
AGT-006, Arjun Nair ,February-2026,2,18,Inbound,263.9,5.0,89.4,Resolved
AGT-024,James Reddy,February-2026,19,4,Inbound,343.9,4.0,,Resolved
AGT-021,Ananya Gupta,June-2026,22,13,Inbound,251.2,3.8,89.9,Resolved
AGT-004,Priya Nair,June-2026,20,8,Inbound,260.1,3.9,82.0,Resolved
AGT-021,Ananya Gupta,March-2026,19,10,Inbound,309.3,4.4,95.2,Escalated
AGT-005,Rahul Chang,March-2026,21,1,Inbound,299.3,3.1,60.1,Escalated
AGT-007, Rahul Iyer ,March-2026,11,25,Inbound,289.4,5.0,95.1,Resolved
AGT-010,James Iyer,February-2026,21,6,Inbound,322.4,3.6,84.9,Unresolved
AGT-014,Priya Iyer,February-2026,23,18,Inbound,266.1,4.0,86.3,Resolved
AGT-010,James Iyer,March-2026,11,7,Inbound,337.3,4.8,76.3,Escalated
AGT-017,Neha Sharma,March-2026,18,1,Inbound,294.7,2.9,61.7,Unresolved
AGT-023,Michael Wilson,April-2026,12,19,Inbound,313.8,5.0,97.5,Escalated
AGT-005,Rahul Chang,April-2026,19,2,Inbound,349.6,3.1,65.1,Escalated
AGT-017,Neha Sharma,May-2026,7,3,Inbound,364.1,3.4,78.9,Pending
AGT-006,Arjun Nair,May-2026,20,21,Inbound,246.2,3.7,98.4,Escalated
AGT-007,Rahul Iyer,June-2026,18,28,Inbound,242.7,4.0,99.4,Resolved
AGT-011,David Chang,April-2026,20,11,Inbound,325.5,5.0,73.8,Escalated
AGT-005,Rahul Chang,April-2026,18,2,Inbound,279.1,3.0,72.5,Resolved
AGT-023,Michael Wilson,March-2026,4,18,Inbound,,5.0,89.5,Resolved
AGT-024,James Reddy,June-2026,24,8,INBOUND,304.4,4.2,72.5,Resolved
AGT-022,Michael Iyer,February-2026,3,19,Inbound,257.7,4.8,100.0,Resolved
AGT-024,James Reddy,May-2026,17,7,Inbound,334.6,3.3,67.7,Resolved
AGT-010,James Iyer,April-2026,22,8,Inbound,273.7,3.5,78.5,Pending
AGT-008,Kavya Gupta,April-2026,9,10,Inbound,263.0,4.8,75.2,Resolved
AGT-021,Ananya Gupta,May-2026,9,12,Inbound,369.5,4.6,87.1,Resolved
AGT-002,Arjun Sharma,April-2026,8,21,Inbound,274.7,5.0,100.0,Resolved
AGT-005,Rahul Chang,March-2026,23,1,INBOUND,329.4,4.6,,Resolved
AGT-015,Arjun Nair,May-2026,12,12,Inbound,275.2,3.9,83.0,Resolved
AGT-001,Arjun Jenkins,July-2026,17,21,Inbound,271.4,3.8,,Resolved
AGT-015,Arjun Nair,February-2026,3,9,Inbound,279.4,5.0,87.1,Resolved
AGT-021,Ananya Gupta,June-2026,7,13,Inbound,188.7,5.0,,Resolved
AGT-015,Arjun Nair,April-2026,1,11,Inbound,219.0,3.5,87.1,Resolved
AGT-016,Ananya Verma,March-2026,2,18,Inbound,250.3,5.0,85.8,Resolved
AGT-022,Michael Iyer,February-2026,5,19,Inbound,235.5,4.8,86.4,Escalated
AGT-019,Kavya Gupta,July-2026,12,28,Inbound,319.1,5.0,88.8,Pending
AGT-009,Arjun Sharma,February-2026,24,2,Inbound,355.7,4.4,79.7,Escalated
AGT-017,Neha Sharma,March-2026,15,1,Inbound,283.3,3.3,77.2,Resolved
AGT-018, Sarah Iyer ,July-2026,1,28,Inbound,255.5,5.0,97.0,Escalated
AGT-021,Ananya Gupta,April-2026,1,11,Inbound,286.8,3.5,92.6,Resolved
AGT-020,Rahul Sharma,April-2026,3,11,Inbound,246.3,3.9,82.5,Resolved
AGT-017,Neha Sharma,June-2026,26,4,Inbound,246.0,3.8,64.1,Unresolved
AGT-012,Kavya Jenkins,April-2026,2,18,Inbound,171.5,5.0,91.7,Resolved
AGT-009,Arjun Sharma,June-2026,25,6,Inbound,320.4,4.7,81.4,Escalated
AGT-008,Kavya Gupta,July-2026,18,13,Inbound,311.9,5.0,89.9,Resolved
AGT-003,Sarah Reddy,May-2026,26,25,Inbound,282.2,5.0,98.9,Pending
AGT-020,Rahul Sharma,February-2026,7,9,Inbound,281.6,3.8,88.9,Pending
AGT-011,David Chang,May-2026,18,12,Inbound,214.2,3.2,96.9,Escalated
AGT-004,Priya Nair,February-2026,14,4,Inbound,282.1,3.5,65.6,Resolved
AGT-004, Priya Nair ,June-2026,25,8,Inbound,,3.5,72.4,Resolved
AGT-019,Kavya Gupta,July-2026,13,28,Inbound,227.2,5.0,78.9,Resolved
AGT-011,David Chang,April-2026,1,11,Inbound,282.7,4.9,74.6,Resolved
AGT-004,Priya Nair,March-2026,17,5,Inbound,296.2,3.0,71.6,Resolved
AGT-022,Michael Iyer,June-2026,23,23,Inbound,244.7,5.0,97.7,Resolved
AGT-018,Sarah Iyer,April-2026,8,25,Inbound,270.8,5.0,90.5,Escalated
AGT-010,James Iyer,February-2026,7,6,Inbound,289.5,3.2,95.2,Resolved
AGT-003,Sarah Reddy,March-2026,5,23,Inbound,250.7,4.3,92.9,Resolved
AGT-007,Rahul Iyer,March-2026,5,25,Inbound,233.6,5.0,100.0,Resolved
AGT-023,Michael Wilson,June-2026,22,21,Inbound,238.7,5.0,90.6,Resolved
AGT-019,Kavya Gupta,July-2026,21,28,Inbound,263.3,5.0,96.6,Resolved
AGT-024,James Reddy,July-2026,17,9,Inbound,183.3,4.2,87.7,Pending
AGT-005,Rahul Chang,May-2026,22,3,Inbound,271.3,2.6,78.9,Resolved
AGT-010,James Iyer,February-2026,15,6,Inbound,224.1,2.1,77.5,Resolved
AGT-007,Rahul Iyer,February-2026,20,24,Inbound,330.2,5.0,94.0,Resolved
AGT-012,Kavya Jenkins,May-2026,24,19,Inbound,250.6,5.0,81.8,Resolved
AGT-003,Sarah Reddy,May-2026,7,25,Inbound,243.0,5.0,93.7,Resolved
AGT-014,Priya Iyer,February-2026,13,18,Inbound,294.0,5.0,100.0,Resolved
AGT-002,Arjun Sharma,June-2026,5,23,Inbound,322.5,4.6,99.6,Resolved
AGT-011,David Chang,March-2026,13,10,Inbound,256.8,3.5,77.7,Resolved
AGT-007,Rahul Iyer,February-2026,11,24,Inbound,225.7,5.0,99.0,Escalated
AGT-001,Arjun Jenkins,May-2026,2,19,Inbound,280.8,4.9,95.7,Resolved
AGT-016,Ananya Verma,June-2026,11,21,Inbound,289.5,4.5,89.6,Resolved
AGT-007,Rahul Iyer,April-2026,19,26,Inbound,168.2,5.0,94.2,Resolved
AGT-016,Ananya Verma,April-2026,8,19,Inbound,264.5,5.0,100.0,Resolved
AGT-012,Kavya Jenkins,March-2026,10,17,Inbound,208.0,,99.8,Resolved
AGT-010,James Iyer,July-2026,10,11,Inbound,299.8,4.8,79.8,Resolved
AGT-024,James Reddy,April-2026,6,6,Inbound,303.0,3.6,75.3,Escalated
AGT-023,Michael Wilson,February-2026,7,17,Inbound,236.2,4.5,96.6,Resolved
AGT-011,David Chang,February-2026,24,9,Inbound,362.5,1.8,77.3,Escalated
AGT-020,Rahul Sharma,May-2026,18,12,Inbound,308.2,3.7,86.1,Resolved
AGT-023,Michael Wilson,July-2026,9,22,Inbound,243.0,4.8,96.0,Unresolved
AGT-008,Kavya Gupta,April-2026,6,10,Inbound,207.6,3.4,72.2,Resolved
AGT-015,Arjun Nair,March-2026,23,10,Inbound,318.6,3.9,88.6,Escalated
AGT-021,Ananya Gupta,May-2026,7,12,Inbound,,4.0,80.4,Escalated
AGT-002,Arjun Sharma,February-2026,23,19,Inbound,194.8,3.9,100.0,Resolved
AGT-025,Arjun Reddy,February-2026,2,22,Inbound,265.6,5.0,89.1,Escalated
AGT-007,Rahul Iyer,May-2026,22,27,Inbound,260.8,4.1,87.9,Resolved
AGT-001,Arjun Jenkins,June-2026,5,20,Inbound,285.8,3.8,97.4,Pending
AGT-008,Kavya Gupta,May-2026,21,11,Inbound,299.6,4.6,86.0,Resolved
AGT-020,Rahul Sharma,March-2026,18,10,Inbound,243.1,3.0,80.8,Unresolved
AGT-009,Arjun Sharma,July-2026,2,7,Inbound,201.8,3.6,75.9,Resolved
AGT-013,Rahul Wilson,April-2026,19,24,Inbound,305.1,4.4,100.0,Resolved
AGT-013,Rahul Wilson,May-2026,3,25,Inbound,234.8,4.9,88.0,Pending
AGT-005,Rahul Chang,May-2026,12,3,Inbound,321.3,4.1,82.9,Escalated
AGT-008,Kavya Gupta,May-2026,3,11,Inbound,,4.5,80.2,Resolved
AGT-019,Kavya Gupta,April-2026,2,25,Inbound,,4.9,82.2,Resolved
AGT-017,Neha Sharma,March-2026,24,1,Inbound,323.5,3.5,58.4,Escalated
AGT-020,Rahul Sharma,February-2026,8,9,Inbound,342.3,3.9,90.1,Resolved
AGT-025,Arjun Reddy,June-2026,9,26,Inbound,266.9,3.2,85.9,Resolved
AGT-016,Ananya Verma,June-2026,12,21,Inbound,189.1,5.0,92.7,Resolved
AGT-007,Rahul Iyer,March-2026,16,25,Inbound,277.9,5.0,85.0,Resolved
AGT-018,Sarah Iyer,February-2026,12,23,Inbound,204.1,,95.0,Escalated
AGT-007,Rahul Iyer,June-2026,7,28,Inbound,275.8,5.0,85.1,Escalated
AGT-009,Arjun Sharma,July-2026,13,7,Inbound,257.0,4.9,86.1,Escalated
AGT-023,Michael Wilson,July-2026,16,22,Inbound,136.6,5.0,100.0,Escalated
AGT-004,Priya Nair,April-2026,12,6,Inbound,,3.4,85.7,Resolved
AGT-003,Sarah Reddy,June-2026,22,26,Inbound,198.6,4.4,89.7,Resolved
AGT-010,James Iyer,February-2026,6,6,Inbound,299.6,3.9,64.0,Resolved
AGT-011,David Chang,May-2026,9,12,Inbound,338.3,2.6,82.4,Unresolved
AGT-008,Kavya Gupta,May-2026,26,11,Inbound,330.3,3.8,83.3,Escalated
AGT-024,James Reddy,April-2026,8,6,Inbound,336.1,2.4,,Resolved
AGT-020,Rahul Sharma,July-2026,6,14,Inbound,351.1,3.5,90.1,Pending
AGT-013,Rahul Wilson,May-2026,9,25,Inbound,252.7,5.0,96.4,Resolved
AGT-013,Rahul Wilson,February-2026,3,22,Inbound,235.8,5.0,96.8,Resolved
AGT-003,Sarah Reddy,July-2026,2,27,INBOUND,297.2,4.9,80.0,Resolved
AGT-023,Michael Wilson,May-2026,11,20,INBOUND,302.8,4.6,97.6,Resolved
AGT-021,Ananya Gupta,April-2026,7,11,Inbound,303.5,4.0,81.8,Unresolved
AGT-009,Arjun Sharma,June-2026,11,6,Inbound,278.9,4.2,72.8,Resolved
AGT-008,Kavya Gupta,April-2026,7,10,Inbound,241.2,4.7,76.4,Resolved
AGT-016,Ananya Verma,May-2026,5,20,Inbound,315.5,5.0,100.0,Unresolved
AGT-016,Ananya Verma,July-2026,7,22,Inbound,310.3,4.3,92.8,Resolved
AGT-024,James Reddy,April-2026,5,6,Inbound,310.2,3.9,62.9,Resolved
AGT-011,David Chang,April-2026,11,11,Inbound,161.3,3.0,91.9,Pending
AGT-023,Michael Wilson,April-2026,3,19,Inbound,190.2,5.0,79.8,Resolved
AGT-016,Ananya Verma,March-2026,7,18,Inbound,217.0,4.7,99.3,Resolved
AGT-002,Arjun Sharma,March-2026,5,20,Inbound,,4.6,100.0,Unresolved
AGT-020,Rahul Sharma,May-2026,8,12,Inbound,255.2,4.1,87.5,Resolved
AGT-019,Kavya Gupta,February-2026,13,23,Inbound,210.6,4.6,93.3,Resolved
AGT-007,Rahul Iyer,June-2026,21,28,Inbound,288.9,4.1,99.6,Resolved
AGT-014,Priya Iyer,June-2026,18,22,Inbound,287.6,3.3,97.6,Resolved
AGT-012,Kavya Jenkins,July-2026,2,21,Inbound,285.0,,94.0,Resolved
AGT-004,Priya Nair,April-2026,16,6,Inbound,349.1,2.9,83.6,Pending
AGT-020,Rahul Sharma,February-2026,10,9,Inbound,272.6,3.1,75.6,Unresolved
AGT-013,Rahul Wilson,May-2026,15,25,INBOUND,237.0,4.2,98.4,Resolved
AGT-019,Kavya Gupta,May-2026,24,26,Inbound,206.3,4.6,99.7,Resolved
AGT-002,Arjun Sharma,June-2026,22,23,Inbound,255.2,3.6,84.8,Unresolved
AGT-011,David Chang,March-2026,11,10,Inbound,255.9,4.0,70.4,Resolved
AGT-023,Michael Wilson,April-2026,16,19,Inbound,236.0,4.2,87.1,Resolved
AGT-001,Arjun Jenkins,April-2026,22,18,Inbound,273.9,5.0,96.1,Resolved
AGT-002,Arjun Sharma,June-2026,13,23,Inbound,186.6,5.0,79.0,Resolved
AGT-011,David Chang,February-2026,14,9,Inbound,276.7,2.8,90.1,Pending
AGT-014,Priya Iyer,March-2026,11,19,Inbound,247.6,4.4,85.4,Resolved
AGT-010, James Iyer ,March-2026,16,7,Inbound,,4.2,74.2,Resolved
AGT-011,David Chang,February-2026,17,9,Inbound,289.3,3.8,87.9,Resolved
AGT-007,Rahul Iyer,July-2026,17,29,Inbound,296.9,4.4,84.5,Escalated
AGT-004,Priya Nair,February-2026,7,4,Inbound,335.9,3.3,79.0,Resolved
AGT-019,Kavya Gupta,March-2026,12,24,Inbound,234.3,4.3,94.8,Unresolved
AGT-014,Priya Iyer,February-2026,5,18,Inbound,248.7,,88.2,Resolved
AGT-017,Neha Sharma,April-2026,12,2,Inbound,295.3,4.3,56.5,Pending
AGT-023,Michael Wilson,March-2026,25,18,Inbound,239.5,4.6,82.0,Resolved
AGT-011,David Chang,July-2026,13,14,Inbound,235.6,2.9,84.5,Resolved
AGT-020,Rahul Sharma,February-2026,6,9,Inbound,308.4,5.0,70.8,Resolved
AGT-024,James Reddy,February-2026,26,4,Inbound,290.4,4.1,69.7,Resolved
AGT-015,Arjun Nair,June-2026,18,13,Inbound,313.4,4.4,74.5,Resolved
AGT-019,Kavya Gupta,July-2026,24,28,Inbound,257.6,5.0,92.7,Escalated
AGT-016,Ananya Verma,June-2026,17,21,Inbound,229.1,4.9,85.2,Resolved
AGT-009,Arjun Sharma,February-2026,20,2,Inbound,344.6,4.1,71.8,Escalated
AGT-017,Neha Sharma,July-2026,8,5,Inbound,263.9,4.5,79.6,Unresolved
AGT-021,Ananya Gupta,June-2026,3,13,Inbound,308.0,4.5,92.5,Resolved
AGT-018, Sarah Iyer ,May-2026,21,26,Inbound,,4.6,96.2,Resolved
AGT-013,Rahul Wilson,March-2026,10,23,Inbound,269.7,5.0,98.1,Escalated
AGT-014,Priya Iyer,May-2026,2,21,Inbound,212.7,4.4,100.0,Resolved
AGT-009,Arjun Sharma,March-2026,9,3,Inbound,292.2,2.4,52.5,Pending
AGT-002,Arjun Sharma,April-2026,5,21,Inbound,297.2,4.4,95.6,Pending
AGT-007,Rahul Iyer,February-2026,13,24,Inbound,311.1,3.5,100.0,Resolved
AGT-017,Neha Sharma,February-2026,22,0,Inbound,259.7,2.7,64.9,Escalated
AGT-012,Kavya Jenkins,June-2026,24,20,Inbound,205.6,4.7,97.7,Resolved
AGT-015,Arjun Nair,March-2026,1,10,Inbound,258.1,4.6,91.6,Resolved
AGT-009,Arjun Sharma,February-2026,7,2,Inbound,306.7,2.0,65.4,Escalated
AGT-015,Arjun Nair,March-2026,10,10,Inbound,292.6,4.1,87.6,Resolved
AGT-018,Sarah Iyer,July-2026,11,28,Inbound,216.7,5.0,100.0,Resolved
AGT-016, Ananya Verma ,April-2026,25,19,Inbound,249.9,4.9,93.6,Resolved
AGT-013,Rahul Wilson,February-2026,19,22,Inbound,313.0,4.9,97.7,Escalated
AGT-017,Neha Sharma,April-2026,16,2,Inbound,336.7,3.8,56.6,Resolved
AGT-003,Sarah Reddy,February-2026,21,22,Inbound,255.9,4.5,96.7,Resolved
AGT-007,Rahul Iyer,June-2026,13,28,INBOUND,260.0,5.0,100.0,Resolved
AGT-009,Arjun Sharma,March-2026,24,3,Inbound,352.1,3.4,75.6,Resolved
AGT-004,Priya Nair,May-2026,6,7,Inbound,334.4,3.8,78.2,Pending
AGT-023,Michael Wilson,July-2026,2,22,Inbound,266.3,4.2,94.2,Unresolved
AGT-009,Arjun Sharma,February-2026,14,2,Inbound,286.6,3.8,62.5,Pending
AGT-006,Arjun Nair,March-2026,12,19,Inbound,279.3,4.5,88.5,Resolved
AGT-004,Priya Nair,July-2026,4,9,Inbound,251.0,4.2,85.6,Resolved
AGT-018,Sarah Iyer,February-2026,24,23,Inbound,244.2,3.8,87.6,Resolved
AGT-005,Rahul Chang,June-2026,15,4,Inbound,284.4,4.0,80.1,Unresolved
AGT-012,Kavya Jenkins,April-2026,3,18,Inbound,242.3,3.8,96.2,Escalated
AGT-004,Priya Nair,March-2026,15,5,Inbound,277.5,3.5,76.1,Resolved
AGT-001,Arjun Jenkins,April-2026,13,18,Inbound,291.6,5.0,94.5,Resolved
AGT-015,Arjun Nair,July-2026,12,14,INBOUND,295.8,4.0,100.0,Unresolved
AGT-012,Kavya Jenkins,April-2026,18,18,Inbound,265.6,5.0,76.8,Resolved
AGT-022,Michael Iyer,July-2026,2,24,Inbound,257.9,5.0,100.0,Resolved
AGT-001,Arjun Jenkins,July-2026,1,21,Inbound,259.1,5.0,100.0,Resolved
AGT-024,James Reddy,June-2026,3,8,Inbound,233.1,4.3,70.2,Unresolved
AGT-018,Sarah Iyer,May-2026,5,26,Inbound,273.9,3.1,100.0,Resolved
AGT-025,Arjun Reddy,July-2026,21,27,Inbound,270.1,4.6,87.7,Resolved
AGT-022,Michael Iyer,May-2026,24,22,Inbound,263.1,5.0,92.4,Resolved
AGT-010,James Iyer,July-2026,7,11,Inbound,237.6,4.1,87.8,Escalated
AGT-024,James Reddy,April-2026,16,6,Inbound,259.7,3.7,71.3,Resolved
AGT-002,Arjun Sharma,February-2026,7,19,Inbound,281.8,4.8,94.0,Resolved
AGT-013,Rahul Wilson,April-2026,22,24,Inbound,228.4,4.8,97.1,Escalated
AGT-021,Ananya Gupta,May-2026,2,12,Inbound,,4.0,100.0,Resolved
AGT-004,Priya Nair,June-2026,19,8,Inbound,369.1,4.6,70.1,Resolved
AGT-007,Rahul Iyer,April-2026,8,26,Inbound,,4.1,82.7,Resolved
AGT-002,Arjun Sharma,February-2026,13,19,Inbound,233.1,3.7,100.0,Resolved
AGT-012,Kavya Jenkins,April-2026,8,18,Inbound,262.1,4.4,80.9,Escalated
AGT-024,James Reddy,February-2026,20,4,Inbound,307.9,3.2,69.7,Resolved
AGT-020,Rahul Sharma,June-2026,14,13,INBOUND,253.6,4.0,92.0,Resolved
AGT-013,Rahul Wilson,April-2026,4,24,Inbound,269.3,4.7,93.5,Resolved
AGT-019,Kavya Gupta,June-2026,5,27,Inbound,330.6,4.7,100.0,Resolved
AGT-002,Arjun Sharma,May-2026,13,22,Inbound,196.0,4.1,87.0,Resolved
AGT-001,Arjun Jenkins,March-2026,8,17,Inbound,196.0,4.9,95.1,Resolved
AGT-019,Kavya Gupta,June-2026,7,27,Inbound,284.8,4.2,100.0,Escalated
AGT-020,Rahul Sharma,June-2026,17,13,Inbound,,5.0,76.9,Resolved
AGT-006,Arjun Nair,March-2026,3,19,Inbound,274.9,5.0,100.0,Resolved
AGT-023,Michael Wilson,July-2026,26,22,Inbound,160.3,4.8,90.2,Resolved
AGT-015,Arjun Nair,June-2026,8,13,Inbound,280.7,3.9,81.6,Escalated
AGT-001,Arjun Jenkins,April-2026,2,18,Inbound,148.2,5.0,94.6,Resolved
AGT-025,Arjun Reddy,July-2026,3,27,Inbound,256.2,4.9,89.0,Resolved
AGT-023,Michael Wilson,May-2026,26,20,Inbound,239.7,4.7,87.6,Unresolved
AGT-006,Arjun Nair,February-2026,4,18,Inbound,261.3,4.7,94.9,Escalated
AGT-019,Kavya Gupta,July-2026,6,28,Inbound,204.8,4.6,92.9,Unresolved
AGT-009,Arjun Sharma,April-2026,8,4,Inbound,279.4,2.5,75.8,Resolved
AGT-015,Arjun Nair,April-2026,12,11,Inbound,279.5,4.4,86.9,Escalated
AGT-024,James Reddy,May-2026,21,7,Inbound,264.6,5.0,73.3,Pending
AGT-010,James Iyer,April-2026,18,8,Inbound,378.2,3.5,,Resolved
AGT-011,David Chang,July-2026,12,14,Inbound,264.4,3.7,96.1,Resolved
AGT-012,Kavya Jenkins,March-2026,2,17,Inbound,280.6,4.9,97.8,Escalated
AGT-023,Michael Wilson,June-2026,23,21,Inbound,205.2,5.0,95.5,Escalated
AGT-003,Sarah Reddy,March-2026,19,23,Inbound,294.1,3.8,97.0,Resolved
AGT-005,Rahul Chang,June-2026,6,4,Inbound,285.6,1.8,77.4,Unresolved
AGT-008,Kavya Gupta,July-2026,13,13,Inbound,201.9,3.3,88.1,Resolved
AGT-002,Arjun Sharma,February-2026,12,19,Inbound,247.4,5.0,100.0,Resolved
AGT-012,Kavya Jenkins,May-2026,12,19,Inbound,205.6,5.0,100.0,Unresolved
AGT-017,Neha Sharma,June-2026,11,4,Inbound,321.1,4.7,69.3,Resolved
AGT-015,Arjun Nair,July-2026,11,14,Inbound,260.7,3.8,93.5,Resolved
AGT-021,Ananya Gupta,June-2026,19,13,Inbound,221.4,3.3,79.8,Escalated
AGT-009,Arjun Sharma,June-2026,19,6,Inbound,241.8,3.7,75.4,Resolved
AGT-009,Arjun Sharma,March-2026,5,3,Inbound,332.5,4.1,65.4,Unresolved
AGT-001, Arjun Jenkins ,April-2026,19,18,Inbound,309.0,5.0,96.7,Resolved
AGT-007,Rahul Iyer,April-2026,5,26,Inbound,299.5,5.0,87.8,Resolved
AGT-009,Arjun Sharma,February-2026,26,2,Inbound,341.8,2.8,66.1,Escalated
AGT-025,Arjun Reddy,February-2026,3,22,Inbound,219.7,5.0,90.4,Resolved
AGT-010,James Iyer,March-2026,1,7,Inbound,287.5,3.8,70.7,Pending
AGT-007,Rahul Iyer,May-2026,10,27,Inbound,241.9,4.1,97.7,Resolved
AGT-001,Arjun Jenkins,May-2026,8,19,Inbound,273.0,,100.0,Unresolved
AGT-007,Rahul Iyer,March-2026,23,25,Inbound,202.5,5.0,100.0,Resolved
AGT-022,Michael Iyer,February-2026,24,19,Inbound,220.6,4.3,92.6,Resolved
AGT-007,Rahul Iyer,May-2026,16,27,Inbound,288.2,5.0,97.1,Resolved
AGT-023,Michael Wilson,February-2026,13,17,Inbound,177.4,4.8,98.2,Resolved
AGT-018,Sarah Iyer,March-2026,7,24,Inbound,198.1,4.5,100.0,Resolved
AGT-021,Ananya Gupta,April-2026,10,11,Inbound,241.1,2.3,81.9,Resolved
AGT-014,Priya Iyer,March-2026,18,19,Inbound,312.6,3.7,85.9,Resolved
AGT-024,James Reddy,July-2026,9,9,Inbound,279.7,4.7,89.3,Escalated
AGT-021,Ananya Gupta,July-2026,1,14,Inbound,319.9,4.3,87.3,Escalated
AGT-011,David Chang,June-2026,17,13,Inbound,317.3,3.1,93.9,Escalated
AGT-011,David Chang,March-2026,12,10,Inbound,311.0,5.0,79.4,Resolved
AGT-015,Arjun Nair,March-2026,21,10,Inbound,246.7,3.7,79.7,Escalated
AGT-009,Arjun Sharma,May-2026,16,5,Inbound,350.7,3.4,66.4,Resolved
AGT-020,Rahul Sharma,May-2026,9,12,Inbound,236.9,5.0,85.0,Resolved
AGT-012,Kavya Jenkins,March-2026,7,17,Inbound,250.9,5.0,94.6,Resolved
AGT-009,Arjun Sharma,March-2026,12,3,Inbound,305.9,2.3,74.9,Unresolved
AGT-009,Arjun Sharma,May-2026,1,5,Inbound,269.9,2.9,70.5,Resolved
AGT-019,Kavya Gupta,June-2026,8,27,Inbound,246.7,,100.0,Unresolved
AGT-013,Rahul Wilson,April-2026,6,24,Inbound,234.4,5.0,85.0,Escalated
AGT-022,Michael Iyer,March-2026,17,20,Inbound,242.9,5.0,98.1,Resolved
AGT-004,Priya Nair,April-2026,1,6,Inbound,319.7,3.5,82.2,Unresolved
AGT-004,Priya Nair,March-2026,25,5,Inbound,377.7,4.0,79.1,Resolved
AGT-007,Rahul Iyer,April-2026,21,26,Inbound,268.4,5.0,100.0,Resolved
AGT-011,David Chang,March-2026,4,10,Inbound,232.9,4.8,78.5,Resolved
AGT-008,Kavya Gupta,July-2026,9,13,Inbound,229.3,4.8,94.6,Escalated
AGT-019,Kavya Gupta,June-2026,6,27,Inbound,164.0,5.0,,Resolved
AGT-023,Michael Wilson,March-2026,5,18,Inbound,256.1,,99.8,Resolved
AGT-003,Sarah Reddy,July-2026,12,27,Inbound,210.8,4.3,99.0,Resolved
AGT-009,Arjun Sharma,April-2026,10,4,Inbound,303.1,2.6,74.9,Resolved
AGT-017,Neha Sharma,March-2026,10,1,Inbound,319.5,3.4,51.1,Resolved
AGT-012,Kavya Jenkins,April-2026,21,18,Inbound,247.3,4.6,87.8,Escalated
AGT-024,James Reddy,July-2026,4,9,Inbound,305.4,4.0,76.8,Resolved
AGT-004, Priya Nair ,July-2026,10,9,Inbound,297.6,4.8,95.2,Resolved
AGT-004,Priya Nair,March-2026,1,5,Inbound,284.3,4.5,67.3,Resolved
AGT-005,Rahul Chang,April-2026,5,2,Inbound,228.8,3.2,61.5,Escalated
AGT-007,Rahul Iyer,February-2026,21,24,Inbound,217.6,5.0,100.0,Resolved
AGT-014,Priya Iyer,February-2026,1,18,Inbound,298.7,4.8,88.5,Resolved
AGT-019,Kavya Gupta,June-2026,10,27,Inbound,280.3,4.2,97.2,Resolved
AGT-005,Rahul Chang,February-2026,16,0,Inbound,357.4,3.1,,Escalated
AGT-014,Priya Iyer,June-2026,22,22,Inbound,237.0,4.9,85.5,Resolved
AGT-022,Michael Iyer,May-2026,20,22,Inbound,275.1,5.0,93.9,Resolved
AGT-004,Priya Nair,May-2026,1,7,INBOUND,296.2,5.0,81.3,Unresolved
AGT-010,James Iyer,March-2026,20,7,Inbound,264.8,3.0,87.7,Unresolved
AGT-023,Michael Wilson,February-2026,3,17,Inbound,266.4,4.6,100.0,Pending
AGT-024,James Reddy,July-2026,5,9,Inbound,340.1,4.9,88.0,Unresolved
AGT-011,David Chang,June-2026,19,13,Inbound,304.8,5.0,91.0,Resolved
AGT-015,Arjun Nair,March-2026,13,10,Inbound,227.6,3.8,71.1,Unresolved
AGT-004, Priya Nair ,June-2026,10,8,Inbound,267.0,3.9,88.8,Resolved
AGT-014,Priya Iyer,June-2026,1,22,Inbound,263.8,4.6,87.8,Resolved
AGT-023, Michael Wilson ,May-2026,15,20,Inbound,266.7,4.7,82.5,Resolved
AGT-016,Ananya Verma,May-2026,10,20,Inbound,258.6,4.1,100.0,Resolved
AGT-024,James Reddy,February-2026,25,4,Inbound,261.6,3.3,84.8,Resolved
AGT-009, Arjun Sharma ,June-2026,7,6,Inbound,325.1,3.9,70.3,Unresolved
AGT-020,Rahul Sharma,July-2026,8,14,Inbound,261.0,4.8,83.1,Pending
AGT-001,Arjun Jenkins,June-2026,16,20,Inbound,252.6,5.0,89.2,Resolved
AGT-004,Priya Nair,February-2026,12,4,INBOUND,304.2,3.0,67.3,Escalated
AGT-013,Rahul Wilson,June-2026,21,26,INBOUND,,3.7,100.0,Escalated
AGT-001,Arjun Jenkins,April-2026,17,18,Inbound,278.2,5.0,84.0,Resolved
AGT-015,Arjun Nair,April-2026,20,11,Inbound,331.9,3.8,83.8,Resolved
AGT-007,Rahul Iyer,May-2026,1,27,Inbound,319.4,4.1,88.2,Resolved
AGT-001,Arjun Jenkins,February-2026,25,16,Inbound,257.5,4.6,93.3,Escalated
AGT-022,Michael Iyer,April-2026,13,21,Inbound,223.5,5.0,100.0,Resolved
AGT-012,Kavya Jenkins,June-2026,11,20,Inbound,220.2,4.6,80.5,Escalated
AGT-013,Rahul Wilson,May-2026,6,25,Inbound,242.1,4.5,85.1,Resolved
AGT-011,David Chang,June-2026,25,13,Inbound,273.1,3.4,89.9,Resolved
AGT-017,Neha Sharma,March-2026,8,1,Inbound,327.3,2.7,62.9,Unresolved
AGT-018,Sarah Iyer,April-2026,14,25,INBOUND,187.9,4.4,100.0,Resolved
AGT-003,Sarah Reddy,March-2026,3,23,Inbound,232.1,4.7,91.8,Resolved
AGT-009,Arjun Sharma,June-2026,21,6,Inbound,369.1,3.3,75.0,Resolved
AGT-018,Sarah Iyer,July-2026,21,28,Inbound,227.3,4.7,88.1,Resolved
AGT-021,Ananya Gupta,May-2026,4,12,Inbound,370.1,3.4,84.6,Resolved
AGT-012,Kavya Jenkins,April-2026,15,18,Inbound,205.5,5.0,91.6,Resolved
AGT-024,James Reddy,May-2026,18,7,Inbound,275.6,4.1,91.1,Escalated
AGT-019,Kavya Gupta,April-2026,25,25,Inbound,291.2,4.9,88.2,Unresolved
AGT-022,Michael Iyer,June-2026,21,23,Inbound,257.3,4.9,85.0,Resolved
AGT-018,Sarah Iyer,February-2026,21,23,Inbound,160.9,4.6,100.0,Resolved
AGT-008,Kavya Gupta,March-2026,8,9,Inbound,268.4,3.9,89.3,Unresolved
AGT-006,Arjun Nair,March-2026,17,19,Inbound,270.1,4.4,91.3,Resolved
AGT-024,James Reddy,July-2026,23,9,Inbound,169.6,4.7,85.7,Resolved
AGT-025,Arjun Reddy,May-2026,1,25,Inbound,275.8,4.2,100.0,Unresolved
AGT-021,Ananya Gupta,July-2026,3,14,Inbound,246.2,5.0,82.2,Escalated
AGT-012,Kavya Jenkins,March-2026,17,17,Inbound,195.8,4.9,92.3,Resolved
AGT-014,Priya Iyer,May-2026,10,21,Inbound,217.7,4.4,94.8,Resolved
AGT-001,Arjun Jenkins,May-2026,20,19,Inbound,,3.5,89.4,Escalated
AGT-005,Rahul Chang,May-2026,18,3,Inbound,326.7,3.3,66.1,Escalated
AGT-007,Rahul Iyer,March-2026,26,25,Inbound,215.4,5.0,98.6,Resolved
AGT-019,Kavya Gupta,April-2026,7,25,Inbound,323.1,3.9,99.0,Resolved
AGT-024,James Reddy,June-2026,26,8,Inbound,331.2,5.0,79.2,Escalated
AGT-020,Rahul Sharma,February-2026,17,9,Inbound,325.8,4.4,76.2,Resolved
AGT-005,Rahul Chang,July-2026,16,5,Inbound,299.5,2.9,57.6,Resolved
AGT-021,Ananya Gupta,July-2026,15,14,Inbound,272.3,4.5,87.2,Resolved
AGT-006,Arjun Nair,February-2026,6,18,Inbound,351.3,5.0,100.0,Pending
AGT-014,Priya Iyer,July-2026,2,23,Inbound,237.1,5.0,91.1,Resolved
AGT-006,Arjun Nair,April-2026,23,20,Inbound,202.4,5.0,96.2,Escalated
AGT-021,Ananya Gupta,April-2026,2,11,Inbound,235.7,4.0,82.1,Resolved
AGT-021,Ananya Gupta,February-2026,6,9,Inbound,226.6,3.3,86.2,Resolved
AGT-009,Arjun Sharma,June-2026,9,6,Inbound,320.6,3.7,65.5,Escalated
AGT-007,Rahul Iyer,June-2026,12,28,Inbound,247.2,5.0,100.0,Resolved
AGT-002,Arjun Sharma,May-2026,2,22,Inbound,163.9,4.1,83.8,Resolved
AGT-021,Ananya Gupta,April-2026,14,11,Inbound,320.1,3.5,78.3,Escalated
AGT-022,Michael Iyer,June-2026,10,23,Inbound,230.5,5.0,88.4,Resolved
AGT-006,Arjun Nair,February-2026,26,18,Inbound,210.8,5.0,94.8,Resolved
AGT-020,Rahul Sharma,July-2026,23,14,Inbound,328.9,4.8,88.1,Pending
AGT-005,Rahul Chang,April-2026,26,2,Inbound,344.1,4.4,69.7,Resolved
AGT-018,Sarah Iyer,May-2026,25,26,Inbound,309.9,4.1,83.9,Resolved
AGT-012,Kavya Jenkins,February-2026,26,16,Inbound,280.3,4.4,83.4,Resolved
AGT-022,Michael Iyer,March-2026,7,20,Inbound,276.6,5.0,100.0,Resolved
AGT-024,James Reddy,February-2026,11,4,Inbound,394.7,4.9,71.1,Resolved
AGT-020,Rahul Sharma,July-2026,26,14,Inbound,251.9,3.5,85.0,Resolved
AGT-025,Arjun Reddy,June-2026,19,26,Inbound,217.1,4.9,98.7,Pending
AGT-023,Michael Wilson,May-2026,3,20,Inbound,248.1,4.7,86.8,Escalated
AGT-013,Rahul Wilson,June-2026,13,26,Inbound,266.3,3.8,91.0,Resolved
AGT-011,David Chang,March-2026,17,10,Inbound,293.5,3.8,81.6,Resolved
AGT-021,Ananya Gupta,March-2026,14,10,Inbound,230.8,5.0,93.8,Resolved
AGT-005, Rahul Chang ,March-2026,15,1,Inbound,291.0,2.8,74.6,Escalated
AGT-001,Arjun Jenkins,February-2026,21,16,Inbound,274.5,4.4,90.2,Resolved
AGT-006,Arjun Nair,July-2026,9,23,INBOUND,166.8,5.0,97.7,Resolved
AGT-005,Rahul Chang,February-2026,4,0,Inbound,318.8,3.6,61.9,Resolved
AGT-019,Kavya Gupta,July-2026,17,28,Inbound,275.2,4.7,94.1,Resolved
AGT-006, Arjun Nair ,May-2026,19,21,Inbound,353.7,4.9,97.2,Resolved
AGT-008,Kavya Gupta,February-2026,12,8,Inbound,282.2,3.4,,Resolved
AGT-022, Michael Iyer ,June-2026,18,23,INBOUND,,4.7,81.7,Resolved
AGT-025,Arjun Reddy,June-2026,26,26,Inbound,319.8,4.9,94.1,Pending
AGT-021,Ananya Gupta,July-2026,20,14,Inbound,286.2,2.8,88.2,Resolved
AGT-010,James Iyer,June-2026,23,10,Inbound,274.9,3.4,74.4,Resolved
AGT-002, Arjun Sharma ,March-2026,6,20,Inbound,287.7,4.3,98.7,Resolved
AGT-023,Michael Wilson,June-2026,24,21,Inbound,214.4,4.2,98.6,Resolved
AGT-023,Michael Wilson,June-2026,18,21,Inbound,236.0,4.9,88.5,Unresolved
AGT-004,Priya Nair,February-2026,23,4,Inbound,300.4,2.9,79.9,Resolved
AGT-023,Michael Wilson,March-2026,16,18,Inbound,281.9,4.4,84.6,Resolved
AGT-003,Sarah Reddy,February-2026,2,22,Inbound,232.7,5.0,91.3,Resolved
AGT-004,Priya Nair,July-2026,20,9,Inbound,269.1,4.2,84.7,Pending
AGT-009,Arjun Sharma,June-2026,1,6,Inbound,308.8,4.6,92.8,Resolved
AGT-019,Kavya Gupta,February-2026,25,23,Inbound,284.7,5.0,87.0,Resolved
AGT-010,James Iyer,February-2026,26,6,Inbound,404.4,2.9,69.4,Unresolved
AGT-024,James Reddy,March-2026,8,5,Inbound,244.2,3.1,78.7,Resolved
AGT-011,David Chang,March-2026,22,10,Inbound,229.8,3.8,74.0,Pending
AGT-012,Kavya Jenkins,March-2026,11,17,Inbound,205.1,5.0,100.0,Resolved
AGT-014,Priya Iyer,June-2026,13,22,Inbound,282.8,4.5,86.2,Resolved
AGT-004,Priya Nair,June-2026,17,8,Inbound,238.9,4.9,94.7,Resolved
AGT-017,Neha Sharma,June-2026,2,4,Inbound,290.5,2.4,84.5,Pending
AGT-004,Priya Nair,February-2026,13,4,Inbound,313.6,2.6,72.0,Escalated
AGT-002,Arjun Sharma,July-2026,1,24,Inbound,261.9,5.0,96.8,Resolved
AGT-016,Ananya Verma,February-2026,20,17,Inbound,275.4,4.3,98.0,Resolved
AGT-025,Arjun Reddy,June-2026,23,26,Inbound,216.6,4.0,100.0,Escalated
AGT-021,Ananya Gupta,April-2026,21,11,Inbound,256.8,4.1,79.2,Unresolved
AGT-021,Ananya Gupta,July-2026,9,14,Inbound,251.0,4.9,82.5,Escalated
AGT-005,Rahul Chang,April-2026,23,2,Inbound,352.2,1.7,68.3,Unresolved
AGT-003,Sarah Reddy,April-2026,6,24,Inbound,236.4,5.0,85.5,Escalated
AGT-017,Neha Sharma,July-2026,2,5,Inbound,340.1,3.0,88.0,Resolved
AGT-002,Arjun Sharma,April-2026,4,21,Inbound,255.4,3.9,98.5,Resolved
AGT-023,Michael Wilson,June-2026,16,21,Inbound,272.4,4.3,94.9,Resolved
AGT-009,Arjun Sharma,July-2026,10,7,Inbound,334.3,4.4,68.0,Pending
AGT-014,Priya Iyer,April-2026,6,20,INBOUND,303.0,5.0,91.6,Escalated
AGT-016,Ananya Verma,July-2026,6,22,Inbound,233.7,5.0,91.9,Resolved
AGT-019,Kavya Gupta,April-2026,1,25,Inbound,248.7,5.0,,Resolved
AGT-011,David Chang,March-2026,21,10,Inbound,217.2,4.1,73.5,Resolved
AGT-023,Michael Wilson,June-2026,11,21,Inbound,213.7,4.5,86.5,Resolved
AGT-025,Arjun Reddy,April-2026,14,24,Inbound,199.3,5.0,100.0,Resolved
AGT-016,Ananya Verma,February-2026,11,17,Inbound,285.2,3.9,96.8,Resolved
AGT-015,Arjun Nair,June-2026,20,13,Inbound,318.2,3.7,88.7,Resolved
AGT-022,Michael Iyer,February-2026,13,19,Inbound,212.4,5.0,100.0,Resolved
AGT-018,Sarah Iyer,April-2026,7,25,Inbound,220.9,5.0,100.0,Resolved
AGT-012,Kavya Jenkins,March-2026,8,17,Inbound,224.6,5.0,95.8,Resolved
AGT-017,Neha Sharma,April-2026,2,2,Inbound,261.0,,82.1,Resolved
AGT-007,Rahul Iyer,May-2026,7,27,Inbound,253.1,5.0,87.9,Resolved
AGT-013,Rahul Wilson,February-2026,12,22,Inbound,351.9,4.8,100.0,Resolved
AGT-015,Arjun Nair,July-2026,4,14,Inbound,218.8,3.6,97.1,Resolved
AGT-017,Neha Sharma,June-2026,21,4,Inbound,310.7,4.0,67.9,Resolved
AGT-017,Neha Sharma,July-2026,10,5,Inbound,325.7,3.7,85.2,Pending
AGT-009,Arjun Sharma,June-2026,10,6,Inbound,382.3,3.6,73.5,Unresolved
AGT-016, Ananya Verma ,June-2026,19,21,Inbound,275.7,5.0,94.7,Resolved
AGT-021,Ananya Gupta,February-2026,4,9,Inbound,329.5,2.7,90.0,Resolved
AGT-008,Kavya Gupta,July-2026,14,13,Inbound,281.8,4.6,92.4,Resolved
AGT-017,Neha Sharma,February-2026,18,0,Inbound,303.0,1.4,67.2,Unresolved
AGT-015,Arjun Nair,July-2026,8,14,Inbound,263.2,4.2,100.0,Resolved
AGT-014,Priya Iyer,June-2026,7,22,INBOUND,256.6,5.0,100.0,Resolved
AGT-018,Sarah Iyer,March-2026,9,24,Inbound,249.3,4.6,99.4,Resolved
AGT-011,David Chang,February-2026,13,9,INBOUND,289.7,5.0,90.6,Resolved
AGT-024,James Reddy,May-2026,11,7,Inbound,258.8,3.9,73.4,Pending
AGT-025,Arjun Reddy,February-2026,6,22,Inbound,285.1,4.0,89.8,Resolved
AGT-002,Arjun Sharma,April-2026,6,21,Inbound,237.4,4.6,94.0,Resolved
AGT-023,Michael Wilson,July-2026,18,22,Inbound,245.5,4.9,100.0,Resolved
AGT-001,Arjun Jenkins,June-2026,10,20,Inbound,214.6,4.5,93.2,Resolved
AGT-015,Arjun Nair,June-2026,14,13,Inbound,250.7,3.1,95.1,Resolved
AGT-023,Michael Wilson,July-2026,1,22,Inbound,286.0,4.5,92.3,Resolved
AGT-016,Ananya Verma,March-2026,13,18,Inbound,293.4,4.9,100.0,Resolved
AGT-015,Arjun Nair,May-2026,4,12,Inbound,227.9,4.4,87.8,Resolved
AGT-015,Arjun Nair,May-2026,3,12,Inbound,241.8,4.9,89.2,Resolved
AGT-017,Neha Sharma,May-2026,8,3,Inbound,308.6,3.4,70.0,Pending
AGT-014,Priya Iyer,May-2026,18,21,Inbound,227.9,3.8,,Resolved
AGT-016,Ananya Verma,April-2026,18,19,Inbound,,4.8,87.7,Resolved
AGT-014,Priya Iyer,March-2026,20,19,Inbound,269.0,5.0,91.1,Resolved
AGT-007,Rahul Iyer,July-2026,25,29,Inbound,184.2,5.0,96.7,Escalated
AGT-011,David Chang,May-2026,21,12,Inbound,343.1,3.8,98.7,Unresolved
AGT-003,Sarah Reddy,July-2026,21,27,Inbound,268.7,5.0,100.0,Resolved
AGT-006,Arjun Nair,March-2026,9,19,Inbound,169.9,4.3,88.3,Resolved
AGT-018,Sarah Iyer,March-2026,5,24,Inbound,239.5,5.0,100.0,Resolved
AGT-003,Sarah Reddy,May-2026,25,25,Inbound,214.4,3.9,91.9,Resolved
AGT-009,Arjun Sharma,July-2026,25,7,Inbound,283.0,4.3,72.0,Resolved
AGT-012, Kavya Jenkins ,June-2026,17,20,Inbound,190.1,4.5,100.0,Pending
AGT-013,Rahul Wilson,March-2026,14,23,Inbound,273.9,4.3,100.0,Resolved
AGT-019,Kavya Gupta,April-2026,22,25,Inbound,246.4,4.3,84.1,Resolved
AGT-003,Sarah Reddy,April-2026,20,24,Inbound,,5.0,100.0,Pending
AGT-014,Priya Iyer,April-2026,14,20,Inbound,276.1,4.2,95.0,Resolved
AGT-015,Arjun Nair,March-2026,3,10,Inbound,275.3,3.6,87.7,Resolved
AGT-008,Kavya Gupta,March-2026,5,9,Inbound,263.7,,85.5,Resolved
AGT-014,Priya Iyer,May-2026,12,21,Inbound,306.1,,100.0,Resolved
AGT-014,Priya Iyer,March-2026,8,19,Inbound,260.6,3.6,100.0,Resolved
AGT-008,Kavya Gupta,July-2026,23,13,Inbound,,4.8,89.7,Resolved
AGT-023,Michael Wilson,March-2026,22,18,Inbound,214.5,5.0,100.0,Resolved
AGT-009,Arjun Sharma,May-2026,17,5,Inbound,227.2,4.0,63.2,Resolved
AGT-002,Arjun Sharma,April-2026,24,21,Inbound,245.4,5.0,95.4,Resolved
AGT-006,Arjun Nair,March-2026,4,19,Inbound,262.3,4.0,84.1,Pending
AGT-011,David Chang,February-2026,12,9,Inbound,290.3,4.7,64.5,Resolved
AGT-007,Rahul Iyer,February-2026,12,24,Inbound,292.3,5.0,97.7,Resolved
AGT-020,Rahul Sharma,June-2026,23,13,Inbound,223.5,4.3,82.0,Resolved
AGT-010,James Iyer,May-2026,19,9,Inbound,340.4,3.3,80.9,Resolved
AGT-019,Kavya Gupta,April-2026,13,25,Inbound,174.2,5.0,96.0,Resolved
AGT-013,Rahul Wilson,April-2026,13,24,Inbound,260.6,5.0,97.8,Resolved
AGT-005,Rahul Chang,July-2026,21,5,Inbound,235.7,2.7,69.5,Pending
AGT-006, Arjun Nair ,July-2026,3,23,Inbound,319.8,3.5,95.7,Resolved
AGT-024,James Reddy,February-2026,4,4,Inbound,258.0,2.9,71.8,Pending
AGT-017,Neha Sharma,June-2026,14,4,Inbound,256.5,4.8,64.5,Resolved
AGT-015,Arjun Nair,May-2026,11,12,Inbound,237.0,4.3,,Resolved
AGT-019,Kavya Gupta,February-2026,20,23,Inbound,234.0,4.0,87.0,Escalated
AGT-013,Rahul Wilson,February-2026,13,22,Inbound,283.8,4.0,100.0,Resolved
AGT-001,Arjun Jenkins,March-2026,20,17,Inbound,260.2,4.3,95.8,Resolved
AGT-017,Neha Sharma,May-2026,4,3,INBOUND,305.3,2.5,65.2,Unresolved
AGT-010,James Iyer,June-2026,11,10,Inbound,369.7,5.0,,Unresolved
AGT-012,Kavya Jenkins,March-2026,23,17,Inbound,186.4,5.0,96.5,Resolved
AGT-011,David Chang,July-2026,15,14,Inbound,209.5,3.7,79.4,Escalated
AGT-024,James Reddy,July-2026,12,9,Inbound,267.0,4.3,90.1,Resolved
AGT-001,Arjun Jenkins,May-2026,1,19,Inbound,273.3,4.0,84.5,Resolved
AGT-023,Michael Wilson,February-2026,15,17,Inbound,272.7,3.4,86.8,Resolved
AGT-017,Neha Sharma,May-2026,18,3,Inbound,327.8,3.5,69.6,Resolved
AGT-011,David Chang,May-2026,4,12,Inbound,241.5,4.3,79.2,Resolved
AGT-024,James Reddy,February-2026,21,4,Inbound,206.1,3.9,60.9,Resolved
AGT-023,Michael Wilson,March-2026,7,18,Inbound,224.5,3.3,88.1,Resolved
AGT-021,Ananya Gupta,June-2026,14,13,Inbound,292.9,4.0,100.0,Escalated
AGT-002,Arjun Sharma,May-2026,22,22,Inbound,254.8,5.0,90.3,Resolved
AGT-005, Rahul Chang ,March-2026,22,1,Inbound,332.6,2.3,70.3,Pending
AGT-008, Kavya Gupta ,May-2026,13,11,Inbound,252.8,3.9,86.5,Resolved
AGT-003, Sarah Reddy ,February-2026,5,22,Inbound,232.3,4.9,83.3,Resolved
AGT-006,Arjun Nair,July-2026,14,23,Inbound,207.6,5.0,93.1,Resolved
AGT-007,Rahul Iyer,February-2026,10,24,Inbound,336.4,4.1,100.0,Escalated
AGT-010,James Iyer,March-2026,10,7,Inbound,297.0,5.0,83.0,Unresolved
AGT-020,Rahul Sharma,June-2026,16,13,Inbound,260.6,3.8,88.1,Resolved
AGT-020, Rahul Sharma ,June-2026,1,13,Inbound,258.5,4.7,95.8,Pending
AGT-009,Arjun Sharma,February-2026,21,2,Inbound,252.0,3.4,73.5,Resolved
AGT-004,Priya Nair,February-2026,22,4,Inbound,289.8,3.4,66.0,Resolved
AGT-018,Sarah Iyer,June-2026,12,27,Inbound,212.9,4.6,87.6,Resolved
AGT-021,Ananya Gupta,May-2026,13,12,Inbound,272.5,4.0,89.3,Resolved
AGT-007,Rahul Iyer,July-2026,2,29,Inbound,212.7,5.0,,Resolved
AGT-012,Kavya Jenkins,June-2026,21,20,INBOUND,260.4,4.2,98.7,Pending
AGT-010,James Iyer,May-2026,22,9,Inbound,322.5,3.5,90.1,Pending
AGT-005,Rahul Chang,February-2026,18,0,Inbound,306.8,4.1,67.8,Resolved
AGT-021,Ananya Gupta,May-2026,23,12,Inbound,230.2,4.9,71.6,Unresolved
AGT-023,Michael Wilson,June-2026,2,21,Inbound,291.1,3.6,98.3,Resolved
AGT-025,Arjun Reddy,June-2026,24,26,Inbound,228.9,5.0,95.8,Resolved
AGT-009,Arjun Sharma,May-2026,5,5,Inbound,294.8,2.7,81.0,Resolved
AGT-024,James Reddy,May-2026,19,7,Inbound,257.0,3.6,80.6,Pending
AGT-022,Michael Iyer,February-2026,21,19,Inbound,269.2,4.9,92.8,Resolved
AGT-020,Rahul Sharma,February-2026,15,9,INBOUND,263.0,4.2,83.2,Resolved
AGT-023, Michael Wilson ,July-2026,12,22,Inbound,,4.7,100.0,Resolved
AGT-015,Arjun Nair,March-2026,14,10,Inbound,283.0,4.5,76.3,Escalated
AGT-007,Rahul Iyer,July-2026,11,29,Inbound,274.5,5.0,93.5,Resolved
AGT-022,Michael Iyer,June-2026,19,23,Inbound,194.9,5.0,97.1,Resolved
AGT-003,Sarah Reddy,March-2026,24,23,Inbound,312.9,5.0,100.0,Resolved
AGT-015,Arjun Nair,February-2026,17,9,Inbound,316.3,4.5,67.3,Resolved
AGT-015,Arjun Nair,February-2026,19,9,Inbound,,3.6,77.3,Resolved
AGT-024,James Reddy,May-2026,15,7,INBOUND,314.3,4.6,87.9,Pending
AGT-011,David Chang,May-2026,12,12,Inbound,281.9,3.6,97.5,Resolved
AGT-024,James Reddy,July-2026,15,9,Inbound,267.9,2.7,63.3,Unresolved
AGT-020,Rahul Sharma,March-2026,10,10,Inbound,288.6,4.4,89.4,Resolved
AGT-013,Rahul Wilson,March-2026,11,23,Inbound,207.7,5.0,100.0,Resolved
AGT-012,Kavya Jenkins,June-2026,22,20,Inbound,168.7,5.0,87.8,Resolved
AGT-025,Arjun Reddy,June-2026,17,26,Inbound,242.9,3.1,100.0,Resolved
AGT-017,Neha Sharma,May-2026,3,3,Inbound,313.3,3.0,69.1,Unresolved
AGT-010,James Iyer,July-2026,3,11,INBOUND,280.4,5.0,86.0,Resolved
AGT-012,Kavya Jenkins,February-2026,13,16,Inbound,275.0,5.0,76.4,Resolved
AGT-022,Michael Iyer,July-2026,12,24,Inbound,311.4,4.8,85.3,Resolved
AGT-012,Kavya Jenkins,May-2026,15,19,Inbound,188.9,3.9,97.4,Escalated
AGT-017,Neha Sharma,February-2026,9,0,Inbound,,2.9,57.6,Unresolved
AGT-024,James Reddy,March-2026,20,5,Inbound,339.2,2.6,67.6,Escalated
AGT-003, Sarah Reddy ,March-2026,22,23,Inbound,257.1,5.0,89.4,Resolved
AGT-004,Priya Nair,July-2026,8,9,Inbound,226.8,3.9,83.1,Escalated
AGT-006,Arjun Nair,April-2026,8,20,Inbound,240.9,5.0,81.3,Resolved
AGT-008,Kavya Gupta,July-2026,1,13,Inbound,262.4,5.0,84.9,Resolved
AGT-015,Arjun Nair,February-2026,21,9,Inbound,280.4,3.9,88.7,Resolved
AGT-024,James Reddy,May-2026,23,7,Inbound,291.9,3.6,74.9,Resolved
AGT-020,Rahul Sharma,June-2026,24,13,INBOUND,251.2,3.9,94.3,Resolved
AGT-001,Arjun Jenkins,July-2026,23,21,Inbound,258.5,5.0,90.9,Resolved
AGT-019,Kavya Gupta,May-2026,23,26,Inbound,211.1,5.0,94.4,Resolved
AGT-006,Arjun Nair,May-2026,11,21,Inbound,269.7,4.2,96.5,Resolved
AGT-016,Ananya Verma,April-2026,21,19,Inbound,282.9,4.6,87.8,Resolved
AGT-019,Kavya Gupta,April-2026,4,25,Inbound,250.4,4.6,98.0,Resolved
AGT-002,Arjun Sharma,March-2026,25,20,Inbound,246.9,4.8,100.0,Resolved
AGT-002,Arjun Sharma,February-2026,2,19,Inbound,220.9,3.2,98.1,Resolved
AGT-006,Arjun Nair,May-2026,10,21,Inbound,271.5,4.1,88.7,Resolved
AGT-003,Sarah Reddy,June-2026,3,26,INBOUND,203.7,4.3,97.5,Resolved
AGT-021,Ananya Gupta,April-2026,25,11,Inbound,308.0,4.1,78.8,Resolved
AGT-023,Michael Wilson,May-2026,25,20,Inbound,120.2,5.0,82.8,Resolved
AGT-021,Ananya Gupta,June-2026,10,13,Inbound,249.1,3.6,83.3,Resolved
AGT-013,Rahul Wilson,July-2026,15,27,Inbound,298.3,5.0,91.1,Unresolved
AGT-022,Michael Iyer,May-2026,15,22,Inbound,282.5,4.2,100.0,Resolved
AGT-016,Ananya Verma,April-2026,20,19,Inbound,261.0,5.0,81.4,Resolved
AGT-020,Rahul Sharma,June-2026,7,13,Inbound,287.4,4.5,87.3,Escalated
AGT-025,Arjun Reddy,June-2026,15,26,Inbound,199.0,4.2,95.1,Resolved
AGT-013,Rahul Wilson,March-2026,24,23,Inbound,167.7,5.0,100.0,Resolved
AGT-017,Neha Sharma,July-2026,21,5,Inbound,301.6,3.4,73.3,Resolved
AGT-004,Priya Nair,June-2026,2,8,Inbound,259.3,4.2,72.4,Resolved
AGT-018,Sarah Iyer,July-2026,18,28,Inbound,292.9,5.0,92.4,Escalated
AGT-018,Sarah Iyer,April-2026,6,25,Inbound,205.9,4.3,81.4,Resolved
AGT-009,Arjun Sharma,March-2026,8,3,Inbound,314.7,3.5,68.9,Pending
AGT-022,Michael Iyer,March-2026,23,20,Inbound,255.2,4.1,93.8,Resolved
AGT-015,Arjun Nair,June-2026,6,13,Inbound,244.6,3.7,81.4,Resolved
AGT-011,David Chang,July-2026,5,14,Inbound,219.7,3.6,100.0,Escalated
AGT-014,Priya Iyer,June-2026,11,22,Inbound,234.3,4.6,100.0,Escalated
AGT-004,Priya Nair,April-2026,18,6,Inbound,184.6,3.8,71.0,Resolved
AGT-016, Ananya Verma ,July-2026,10,22,Inbound,221.2,4.7,96.4,Resolved
AGT-019,Kavya Gupta,April-2026,3,25,Inbound,216.5,4.1,92.0,Unresolved
AGT-021,Ananya Gupta,July-2026,14,14,Inbound,245.1,4.8,89.6,Pending
AGT-011,David Chang,June-2026,18,13,Inbound,336.3,3.4,86.5,Unresolved
AGT-012,Kavya Jenkins,June-2026,2,20,Inbound,234.9,5.0,81.7,Resolved
AGT-013,Rahul Wilson,February-2026,25,22,Inbound,280.3,,95.5,Resolved
AGT-020,Rahul Sharma,June-2026,25,13,Inbound,263.2,3.1,80.9,Resolved
AGT-014,Priya Iyer,March-2026,22,19,Inbound,274.0,5.0,100.0,Resolved
AGT-014,Priya Iyer,February-2026,4,18,Inbound,273.0,5.0,94.5,Resolved
AGT-010,James Iyer,April-2026,14,8,Inbound,266.4,3.0,75.1,Escalated
AGT-008,Kavya Gupta,March-2026,21,9,Inbound,270.7,3.3,83.7,Resolved
AGT-002,Arjun Sharma,March-2026,4,20,Inbound,277.3,4.9,98.2,Resolved
AGT-018,Sarah Iyer,May-2026,11,26,Inbound,240.5,4.9,94.7,Resolved
AGT-006,Arjun Nair,April-2026,18,20,Inbound,250.4,5.0,92.9,Resolved
AGT-014,Priya Iyer,April-2026,3,20,INBOUND,229.1,5.0,86.2,Resolved
AGT-012,Kavya Jenkins,April-2026,22,18,Inbound,306.2,5.0,100.0,Unresolved
AGT-024,James Reddy,February-2026,2,4,Inbound,348.4,3.0,84.5,Resolved
AGT-012,Kavya Jenkins,July-2026,8,21,Inbound,204.7,5.0,93.9,Escalated
AGT-017,Neha Sharma,May-2026,13,3,Inbound,281.6,5.0,76.5,Resolved
AGT-001,Arjun Jenkins,July-2026,10,21,Inbound,237.8,3.6,94.1,Resolved
AGT-018,Sarah Iyer,July-2026,7,28,Inbound,262.2,3.2,92.1,Resolved
AGT-019,Kavya Gupta,March-2026,24,24,INBOUND,303.8,5.0,100.0,Resolved
AGT-007,Rahul Iyer,March-2026,10,25,Inbound,220.5,5.0,93.9,Resolved
AGT-016,Ananya Verma,July-2026,16,22,Inbound,202.2,4.1,,Unresolved
AGT-017,Neha Sharma,July-2026,6,5,Inbound,233.8,4.3,58.8,Unresolved
AGT-002,Arjun Sharma,April-2026,23,21,Inbound,266.8,4.9,91.4,Resolved
AGT-012,Kavya Jenkins,May-2026,26,19,Inbound,259.0,5.0,96.2,Resolved
AGT-015,Arjun Nair,June-2026,1,13,Inbound,201.4,5.0,91.2,Resolved
AGT-016,Ananya Verma,March-2026,8,18,Inbound,268.8,5.0,93.0,Resolved
AGT-021,Ananya Gupta,May-2026,11,12,Inbound,265.3,4.6,83.3,Resolved
AGT-008,Kavya Gupta,June-2026,12,12,Inbound,251.0,4.5,76.8,Resolved
AGT-018,Sarah Iyer,March-2026,2,24,Inbound,231.0,5.0,90.7,Resolved
AGT-010,James Iyer,April-2026,12,8,Inbound,317.1,4.7,73.5,Resolved
AGT-021,Ananya Gupta,June-2026,21,13,Inbound,216.6,4.1,100.0,Resolved
AGT-015,Arjun Nair,July-2026,2,14,Inbound,268.3,4.0,80.1,Resolved
AGT-001,Arjun Jenkins,May-2026,14,19,Inbound,198.6,5.0,100.0,Resolved
AGT-025,Arjun Reddy,April-2026,1,24,Inbound,,5.0,100.0,Resolved
AGT-004,Priya Nair,July-2026,13,9,Inbound,357.9,3.5,76.2,Resolved
AGT-001,Arjun Jenkins,July-2026,4,21,Inbound,203.6,5.0,96.0,Resolved
AGT-009,Arjun Sharma,July-2026,6,7,Inbound,266.4,3.8,68.8,Unresolved
AGT-017,Neha Sharma,July-2026,16,5,Inbound,242.8,2.5,66.4,Unresolved
AGT-024,James Reddy,May-2026,1,7,Inbound,279.1,4.4,72.0,Unresolved
AGT-018,Sarah Iyer,July-2026,17,28,Inbound,152.7,4.8,95.6,Resolved
AGT-021,Ananya Gupta,April-2026,16,11,Inbound,214.7,5.0,72.3,Resolved
AGT-021, Ananya Gupta ,March-2026,12,10,Inbound,322.3,3.4,88.8,Escalated
AGT-012, Kavya Jenkins ,March-2026,22,17,Inbound,241.9,4.1,97.8,Unresolved
AGT-005,Rahul Chang,April-2026,3,2,Inbound,259.5,3.8,50.0,Pending
AGT-004,Priya Nair,February-2026,1,4,INBOUND,311.1,3.8,65.6,Resolved
AGT-004,Priya Nair,March-2026,6,5,Inbound,326.9,2.9,75.9,Resolved
AGT-002,Arjun Sharma,February-2026,24,19,Inbound,287.6,5.0,89.0,Resolved
AGT-003,Sarah Reddy,February-2026,17,22,Inbound,291.8,4.4,89.3,Resolved
AGT-009,Arjun Sharma,February-2026,16,2,Inbound,359.3,3.6,62.9,Escalated
AGT-011,David Chang,June-2026,2,13,Inbound,218.3,5.0,94.0,Resolved
AGT-023,Michael Wilson,June-2026,21,21,Inbound,270.9,4.9,86.1,Resolved
AGT-013,Rahul Wilson,February-2026,11,22,Inbound,,5.0,95.9,Unresolved
AGT-021,Ananya Gupta,July-2026,13,14,INBOUND,245.1,3.4,82.7,Resolved
AGT-022,Michael Iyer,March-2026,26,20,Inbound,274.2,5.0,98.8,Pending
AGT-001,Arjun Jenkins,March-2026,17,17,Inbound,267.9,5.0,91.9,Escalated
AGT-003,Sarah Reddy,March-2026,8,23,Inbound,,4.6,80.3,Resolved
AGT-008,Kavya Gupta,February-2026,19,8,Inbound,279.8,3.4,78.2,Pending
AGT-009,Arjun Sharma,April-2026,3,4,Inbound,333.2,3.3,67.9,Resolved
AGT-015,Arjun Nair,April-2026,23,11,Inbound,323.0,2.6,86.5,Resolved
AGT-001,Arjun Jenkins,June-2026,17,20,Inbound,236.6,4.7,93.2,Resolved
AGT-016,Ananya Verma,July-2026,13,22,Inbound,262.6,3.3,88.5,Resolved
AGT-004,Priya Nair,February-2026,15,4,Inbound,224.3,3.7,69.8,Resolved
AGT-003,Sarah Reddy,April-2026,26,24,Inbound,192.4,5.0,89.0,Resolved
AGT-005,Rahul Chang,July-2026,15,5,Inbound,283.9,4.1,67.5,Resolved
AGT-022,Michael Iyer,February-2026,8,19,Inbound,274.8,5.0,83.5,Resolved
AGT-001,Arjun Jenkins,June-2026,15,20,Inbound,258.0,5.0,94.2,Resolved
AGT-015,Arjun Nair,April-2026,9,11,Inbound,296.9,3.0,88.4,Resolved
AGT-004,Priya Nair,June-2026,12,8,Inbound,340.6,4.3,76.5,Unresolved
AGT-014,Priya Iyer,February-2026,21,18,Inbound,205.4,4.9,78.7,Resolved
AGT-008,Kavya Gupta,June-2026,20,12,Inbound,241.6,4.9,82.5,Resolved
AGT-019,Kavya Gupta,February-2026,17,23,Inbound,217.5,5.0,84.6,Resolved
AGT-003,Sarah Reddy,March-2026,14,23,Inbound,213.6,5.0,99.4,Resolved
AGT-018,Sarah Iyer,March-2026,13,24,Inbound,202.4,4.3,100.0,Resolved
AGT-003,Sarah Reddy,June-2026,16,26,Inbound,212.8,3.5,100.0,Resolved
AGT-016,Ananya Verma,July-2026,14,22,Inbound,248.7,4.6,100.0,Resolved
AGT-016,Ananya Verma,July-2026,20,22,Inbound,-308.8,4.2,,Resolved
AGT-013,Rahul Wilson,March-2026,19,23,Inbound,332.9,5.0,100.0,Resolved
AGT-007, Rahul Iyer ,February-2026,9,24,Inbound,269.4,4.5,93.6,Resolved
AGT-022,Michael Iyer,April-2026,25,21,Inbound,264.8,4.7,98.3,Resolved
AGT-007,Rahul Iyer,February-2026,6,24,Inbound,290.7,4.0,95.5,Resolved
AGT-002,Arjun Sharma,July-2026,19,24,Inbound,213.2,5.0,100.0,Resolved
AGT-008,Kavya Gupta,April-2026,8,10,Inbound,255.4,4.6,72.3,Escalated
AGT-016,Ananya Verma,June-2026,16,21,Inbound,251.5,5.0,82.9,Resolved
AGT-025,Arjun Reddy,April-2026,11,24,Inbound,228.0,5.0,94.4,Resolved
AGT-008,Kavya Gupta,May-2026,22,11,Inbound,301.9,4.5,86.5,Resolved
AGT-024, James Reddy ,March-2026,4,5,Inbound,332.5,3.2,73.6,Pending
AGT-008,Kavya Gupta,April-2026,19,10,Inbound,288.0,3.4,66.5,Pending
AGT-008,Kavya Gupta,June-2026,2,12,Inbound,205.2,4.2,87.1,Resolved
AGT-004,Priya Nair,July-2026,22,9,Inbound,281.0,4.4,66.4,Resolved
AGT-017,Neha Sharma,June-2026,13,4,Inbound,384.8,3.7,86.9,Escalated
AGT-009,Arjun Sharma,June-2026,13,6,Inbound,280.8,2.5,74.8,Resolved
AGT-010,James Iyer,March-2026,23,7,Inbound,238.7,3.1,74.5,Unresolved
AGT-015,Arjun Nair,June-2026,25,13,Inbound,248.2,3.0,84.4,Resolved
AGT-020,Rahul Sharma,February-2026,19,9,Inbound,327.6,4.4,82.0,Escalated
AGT-007,Rahul Iyer,July-2026,10,29,Inbound,170.4,4.4,86.8,Resolved
AGT-005,Rahul Chang,April-2026,8,2,Inbound,350.6,2.7,66.6,Resolved
AGT-006,Arjun Nair,February-2026,21,18,Inbound,252.4,4.9,92.2,Escalated
AGT-019,Kavya Gupta,April-2026,9,25,INBOUND,261.0,4.8,89.9,Resolved
AGT-022, Michael Iyer ,April-2026,17,21,Inbound,285.6,5.0,90.4,Resolved
AGT-020,Rahul Sharma,June-2026,22,13,Inbound,279.4,4.7,73.9,Pending
AGT-011,David Chang,June-2026,26,13,Inbound,201.4,4.0,100.0,Resolved
AGT-015,Arjun Nair,May-2026,6,12,INBOUND,249.7,4.8,73.8,Pending
AGT-008,Kavya Gupta,July-2026,6,13,INBOUND,254.0,5.0,89.0,Resolved
AGT-001,Arjun Jenkins,May-2026,17,19,Inbound,270.8,4.5,100.0,Resolved
AGT-016,Ananya Verma,April-2026,7,19,Inbound,253.9,4.7,78.8,Resolved
AGT-009,Arjun Sharma,March-2026,10,3,Inbound,332.4,4.2,75.4,Pending
AGT-017,Neha Sharma,April-2026,21,2,Inbound,353.7,2.9,59.6,Unresolved
AGT-005,Rahul Chang,February-2026,20,0,Inbound,397.0,3.3,70.4,Resolved
AGT-022,Michael Iyer,May-2026,13,22,Inbound,243.7,5.0,,Resolved
AGT-012,Kavya Jenkins,April-2026,26,18,Inbound,261.9,4.4,95.9,Resolved
AGT-020,Rahul Sharma,April-2026,6,11,Inbound,218.8,3.2,87.0,Resolved
AGT-006,Arjun Nair,April-2026,9,20,Inbound,322.7,5.0,92.0,Resolved
AGT-007,Rahul Iyer,March-2026,14,25,Inbound,229.1,4.1,85.4,Resolved
AGT-013,Rahul Wilson,April-2026,8,24,Inbound,280.0,4.5,100.0,Resolved
AGT-020,Rahul Sharma,February-2026,5,9,Inbound,254.9,4.4,62.7,Resolved
AGT-002,Arjun Sharma,July-2026,21,24,Inbound,,5.0,95.7,Resolved
AGT-003,Sarah Reddy,July-2026,20,27,Inbound,203.5,5.0,78.9,Escalated
AGT-009,Arjun Sharma,June-2026,15,6,Inbound,267.4,3.5,77.7,Resolved
AGT-018,Sarah Iyer,June-2026,3,27,Inbound,273.3,4.5,95.0,Resolved
AGT-006,Arjun Nair,June-2026,6,22,Inbound,200.3,,89.6,Resolved
AGT-017,Neha Sharma,May-2026,12,3,Inbound,281.1,1.6,69.0,Unresolved
AGT-013,Rahul Wilson,February-2026,23,22,Inbound,231.0,5.0,80.4,Resolved
AGT-024,James Reddy,March-2026,1,5,Inbound,354.1,3.5,68.1,Escalated
AGT-008,Kavya Gupta,February-2026,7,8,Inbound,277.6,4.3,79.6,Pending
AGT-013,Rahul Wilson,July-2026,7,27,Inbound,219.5,5.0,96.6,Resolved
AGT-006,Arjun Nair,July-2026,4,23,Inbound,275.5,4.8,100.0,Resolved
AGT-008,Kavya Gupta,February-2026,2,8,INBOUND,302.9,4.4,84.2,Resolved
AGT-012,Kavya Jenkins,April-2026,4,18,Inbound,325.9,4.7,93.9,Resolved
AGT-025,Arjun Reddy,May-2026,10,25,INBOUND,212.7,5.0,100.0,Resolved
AGT-009,Arjun Sharma,July-2026,24,7,Inbound,324.0,3.4,79.8,Unresolved
AGT-018,Sarah Iyer,April-2026,17,25,Inbound,263.4,5.0,98.0,Resolved
AGT-006,Arjun Nair,February-2026,3,18,Inbound,243.0,4.1,100.0,Unresolved
AGT-002,Arjun Sharma,March-2026,15,20,Inbound,307.4,4.6,84.6,Resolved
AGT-013,Rahul Wilson,July-2026,3,27,Inbound,263.9,5.0,100.0,Resolved
AGT-010,James Iyer,February-2026,8,6,Inbound,310.4,2.9,62.4,Resolved
AGT-004,Priya Nair,May-2026,19,7,Inbound,257.0,4.6,79.9,Unresolved
AGT-001,Arjun Jenkins,May-2026,9,19,Inbound,207.7,4.9,92.6,Resolved
AGT-014,Priya Iyer,May-2026,14,21,INBOUND,196.0,3.8,96.5,Resolved
AGT-016,Ananya Verma,February-2026,3,17,Inbound,262.5,5.0,86.5,Unresolved
AGT-015,Arjun Nair,May-2026,17,12,Inbound,278.6,3.2,83.4,Resolved
AGT-012,Kavya Jenkins,June-2026,8,20,Inbound,190.8,4.3,99.1,Resolved
AGT-024,James Reddy,July-2026,21,9,Inbound,265.7,5.0,66.8,Resolved
AGT-025,Arjun Reddy,April-2026,22,24,Inbound,244.4,5.0,97.2,Resolved
AGT-009,Arjun Sharma,February-2026,12,2,Inbound,294.1,3.3,67.6,Unresolved
AGT-008,Kavya Gupta,May-2026,24,11,Inbound,246.3,4.0,92.8,Unresolved
AGT-024,James Reddy,June-2026,14,8,Inbound,254.1,4.0,91.5,Unresolved
AGT-013,Rahul Wilson,June-2026,14,26,Inbound,232.6,,96.6,Unresolved
AGT-023,Michael Wilson,July-2026,25,22,Inbound,224.8,3.7,91.6,Resolved
AGT-004,Priya Nair,April-2026,22,6,Inbound,,3.4,85.7,Unresolved
AGT-019,Kavya Gupta,March-2026,13,24,Inbound,245.7,5.0,89.3,Resolved
AGT-008,Kavya Gupta,April-2026,24,10,Inbound,271.6,4.9,100.0,Resolved
AGT-017,Neha Sharma,February-2026,7,0,Inbound,294.3,3.6,75.1,Pending
AGT-004,Priya Nair,April-2026,20,6,Inbound,256.8,3.3,84.7,Escalated
AGT-013,Rahul Wilson,February-2026,20,22,Inbound,257.6,4.2,94.5,Resolved
AGT-020,Rahul Sharma,June-2026,6,13,Inbound,260.1,4.7,99.4,Pending
AGT-013, Rahul Wilson ,July-2026,14,27,Inbound,276.0,5.0,100.0,Resolved
AGT-011,David Chang,July-2026,8,14,Inbound,296.2,4.9,88.3,Resolved
AGT-011,David Chang,May-2026,13,12,Inbound,251.5,3.1,78.5,Pending
AGT-022,Michael Iyer,June-2026,7,23,Inbound,264.8,5.0,90.1,Resolved
AGT-006,Arjun Nair,March-2026,6,19,Inbound,268.8,5.0,83.1,Resolved
AGT-003,Sarah Reddy,April-2026,8,24,Inbound,274.4,5.0,96.1,Resolved
AGT-007,Rahul Iyer,February-2026,14,24,INBOUND,284.9,4.9,99.1,Resolved
AGT-018,Sarah Iyer,March-2026,22,24,Inbound,232.6,3.8,100.0,Resolved
AGT-010,James Iyer,May-2026,1,9,INBOUND,255.8,4.1,91.3,Resolved
AGT-024,James Reddy,June-2026,4,8,Inbound,316.2,3.8,78.4,Unresolved
AGT-015,Arjun Nair,May-2026,8,12,Inbound,341.4,3.0,74.1,Resolved
AGT-017,Neha Sharma,April-2026,18,2,Inbound,337.0,3.8,79.2,Resolved
AGT-025,Arjun Reddy,April-2026,19,24,Inbound,294.4,5.0,95.3,Resolved
AGT-002, Arjun Sharma ,April-2026,10,21,Inbound,219.2,5.0,,Resolved
AGT-014,Priya Iyer,April-2026,22,20,Inbound,198.4,4.3,99.1,Resolved
AGT-018,Sarah Iyer,March-2026,23,24,INBOUND,263.7,5.0,87.9,Resolved
AGT-005, Rahul Chang ,May-2026,19,3,Inbound,295.5,2.1,69.0,Pending
AGT-003,Sarah Reddy,April-2026,13,24,Inbound,197.2,4.0,78.7,Resolved
AGT-016,Ananya Verma,February-2026,14,17,Inbound,286.5,5.0,,Pending
AGT-006,Arjun Nair,April-2026,10,20,Inbound,228.1,5.0,92.4,Resolved
AGT-019,Kavya Gupta,June-2026,9,27,Inbound,274.7,3.2,100.0,Resolved
AGT-010,James Iyer,May-2026,24,9,Inbound,289.5,3.6,75.2,Unresolved
AGT-014,Priya Iyer,May-2026,11,21,Inbound,246.8,4.5,100.0,Resolved
AGT-013,Rahul Wilson,February-2026,18,22,Inbound,311.8,5.0,,Unresolved
AGT-010,James Iyer,June-2026,24,10,Inbound,255.4,4.7,95.9,Escalated
AGT-015,Arjun Nair,June-2026,11,13,Inbound,243.4,4.8,88.8,Resolved
AGT-006,Arjun Nair,May-2026,17,21,Inbound,120.0,4.8,98.7,Resolved
AGT-016,Ananya Verma,February-2026,9,17,Inbound,251.9,5.0,84.0,Resolved
AGT-001,Arjun Jenkins,February-2026,7,16,Inbound,249.3,4.8,80.5,Pending
AGT-005,Rahul Chang,April-2026,22,2,Inbound,317.3,3.0,63.3,Resolved
AGT-011,David Chang,May-2026,10,12,Inbound,269.6,5.0,67.7,Resolved
AGT-014,Priya Iyer,February-2026,12,18,Inbound,244.4,5.0,98.1,Resolved
AGT-014,Priya Iyer,February-2026,22,18,Inbound,185.1,5.0,91.4,Resolved
AGT-003,Sarah Reddy,July-2026,15,27,Inbound,268.8,4.1,90.9,Resolved
AGT-016,Ananya Verma,March-2026,9,18,Inbound,211.5,4.7,75.6,Resolved
AGT-013,Rahul Wilson,July-2026,12,27,Inbound,273.6,5.0,91.8,Resolved
AGT-001,Arjun Jenkins,March-2026,25,17,Inbound,211.6,4.2,91.4,Resolved
AGT-019,Kavya Gupta,March-2026,19,24,Inbound,274.9,5.0,89.3,Resolved
AGT-001,Arjun Jenkins,May-2026,5,19,Inbound,256.3,4.2,99.6,Resolved
AGT-025,Arjun Reddy,May-2026,18,25,Inbound,235.5,4.8,94.5,Resolved
AGT-020,Rahul Sharma,May-2026,15,12,Inbound,240.0,5.0,81.6,Pending
AGT-023,Michael Wilson,April-2026,26,19,Inbound,273.8,5.0,98.2,Resolved
AGT-009,Arjun Sharma,April-2026,19,4,Inbound,318.6,2.8,59.7,Pending
AGT-015,Arjun Nair,April-2026,26,11,Inbound,313.5,4.1,78.1,Resolved
AGT-002,Arjun Sharma,May-2026,25,22,Inbound,230.1,4.8,100.0,Resolved
AGT-011,David Chang,February-2026,26,9,Inbound,255.0,3.4,82.3,Escalated
AGT-003,Sarah Reddy,July-2026,14,27,Inbound,270.2,4.8,87.6,Resolved
AGT-016,Ananya Verma,March-2026,14,18,Inbound,238.2,4.2,100.0,Resolved
AGT-012,Kavya Jenkins,June-2026,10,20,Inbound,304.1,,94.6,Resolved
AGT-023,Michael Wilson,February-2026,25,17,Inbound,193.0,4.1,92.7,Resolved
AGT-009,Arjun Sharma,March-2026,18,3,Inbound,328.2,3.2,66.7,Resolved
AGT-016, Ananya Verma ,May-2026,15,20,INBOUND,,,100.0,Resolved
AGT-009,Arjun Sharma,March-2026,20,3,Inbound,350.6,2.4,81.6,Unresolved
AGT-021,Ananya Gupta,February-2026,17,9,Inbound,279.7,4.0,75.1,Resolved
AGT-008,Kavya Gupta,May-2026,8,11,Inbound,239.0,4.3,82.4,Resolved
AGT-025,Arjun Reddy,May-2026,11,25,Inbound,225.8,5.0,93.1,Resolved
AGT-012,Kavya Jenkins,June-2026,23,20,Inbound,218.6,,96.9,Resolved
AGT-022,Michael Iyer,April-2026,21,21,INBOUND,213.6,5.0,94.9,Escalated
AGT-007,Rahul Iyer,June-2026,26,28,Inbound,242.6,5.0,100.0,Resolved
AGT-005,Rahul Chang,April-2026,16,2,Inbound,347.4,3.4,67.7,Escalated
AGT-005,Rahul Chang,May-2026,9,3,Inbound,302.1,2.7,71.6,Resolved
AGT-019,Kavya Gupta,March-2026,20,24,Inbound,205.3,4.7,98.1,Resolved
AGT-022,Michael Iyer,February-2026,7,19,Inbound,263.0,3.6,91.9,Resolved
AGT-004,Priya Nair,July-2026,16,9,Inbound,,4.4,82.2,Pending
AGT-009,Arjun Sharma,April-2026,25,4,Inbound,346.4,3.9,68.7,Resolved
AGT-021,Ananya Gupta,June-2026,18,13,Inbound,300.2,4.4,78.3,Resolved
AGT-009,Arjun Sharma,July-2026,7,7,Inbound,242.9,4.7,69.9,Resolved
AGT-001,Arjun Jenkins,May-2026,18,19,Inbound,217.7,4.6,100.0,Escalated
AGT-019,Kavya Gupta,February-2026,5,23,Inbound,196.7,4.5,89.0,Resolved
AGT-016,Ananya Verma,April-2026,17,19,Inbound,241.9,4.8,100.0,Resolved
AGT-005,Rahul Chang,April-2026,14,2,Inbound,278.8,2.1,74.2,Pending
AGT-019,Kavya Gupta,March-2026,11,24,Inbound,295.2,4.3,100.0,Resolved
AGT-002,Arjun Sharma,March-2026,3,20,Inbound,222.7,3.7,92.1,Escalated
AGT-024,James Reddy,May-2026,6,7,Inbound,276.6,4.7,73.2,Resolved
AGT-025,Arjun Reddy,March-2026,24,23,Inbound,166.1,4.9,100.0,Resolved
AGT-022,Michael Iyer,July-2026,14,24,Inbound,195.9,5.0,,Resolved
AGT-024,James Reddy,March-2026,14,5,INBOUND,278.5,4.7,70.7,Escalated
AGT-016,Ananya Verma,February-2026,17,17,Inbound,269.2,4.8,99.1,Resolved
AGT-018,Sarah Iyer,May-2026,26,26,Inbound,257.7,4.1,82.5,Resolved
AGT-009,Arjun Sharma,June-2026,2,6,Inbound,360.9,3.2,82.2,Resolved
AGT-010,James Iyer,March-2026,21,7,Inbound,241.3,4.0,89.5,Pending
AGT-013,Rahul Wilson,July-2026,25,27,Inbound,275.2,5.0,100.0,Resolved
AGT-017,Neha Sharma,June-2026,22,4,Inbound,246.4,4.1,69.1,Unresolved
AGT-014,Priya Iyer,May-2026,8,21,INBOUND,269.1,5.0,96.0,Resolved
AGT-012,Kavya Jenkins,June-2026,25,20,Inbound,257.5,5.0,91.0,Resolved
AGT-016,Ananya Verma,May-2026,11,20,Inbound,195.2,5.0,100.0,Unresolved
AGT-024,James Reddy,April-2026,14,6,Inbound,335.9,3.0,70.2,Escalated
AGT-022,Michael Iyer,May-2026,18,22,Inbound,235.7,4.5,80.1,Resolved
AGT-023,Michael Wilson,March-2026,11,18,Inbound,303.3,4.4,92.7,Resolved
AGT-006,Arjun Nair,June-2026,11,22,Inbound,212.8,4.3,91.1,Resolved
AGT-006,Arjun Nair,March-2026,1,19,Inbound,317.9,5.0,94.3,Resolved
AGT-016,Ananya Verma,March-2026,11,18,Inbound,298.8,4.0,76.9,Resolved
AGT-013,Rahul Wilson,February-2026,10,22,Inbound,-288.7,5.0,86.6,Resolved
AGT-019,Kavya Gupta,May-2026,17,26,Inbound,201.7,5.0,93.2,Resolved
AGT-012,Kavya Jenkins,July-2026,6,21,INBOUND,257.9,4.8,99.7,Pending
AGT-008,Kavya Gupta,May-2026,15,11,Inbound,269.7,3.5,88.0,Resolved
AGT-021,Ananya Gupta,May-2026,19,12,Inbound,323.2,3.9,74.9,Unresolved
AGT-019,Kavya Gupta,February-2026,21,23,Inbound,220.7,5.0,100.0,Resolved
AGT-013,Rahul Wilson,June-2026,17,26,Inbound,273.8,4.7,100.0,Resolved
AGT-006,Arjun Nair,July-2026,10,23,Inbound,207.5,5.0,91.4,Resolved
AGT-008,Kavya Gupta,February-2026,22,8,Inbound,298.4,4.3,72.4,Resolved
AGT-021,Ananya Gupta,April-2026,17,11,Inbound,293.5,3.5,90.7,Resolved
AGT-010,James Iyer,March-2026,24,7,Inbound,259.4,2.9,74.2,Resolved
AGT-011,David Chang,May-2026,23,12,Inbound,308.2,3.8,98.0,Resolved
AGT-001,Arjun Jenkins,February-2026,20,16,Inbound,233.2,4.7,94.9,Resolved
AGT-018,Sarah Iyer,March-2026,4,24,Inbound,260.2,,94.0,Resolved
AGT-011,David Chang,April-2026,9,11,Inbound,278.9,4.2,79.8,Resolved
AGT-013,Rahul Wilson,February-2026,24,22,Inbound,242.6,4.8,100.0,Resolved
AGT-004,Priya Nair,February-2026,5,4,Inbound,,3.2,80.7,Pending
AGT-010,James Iyer,February-2026,22,6,Inbound,361.3,1.7,81.3,Resolved
AGT-008,Kavya Gupta,March-2026,10,9,Inbound,240.9,5.0,80.7,Resolved
AGT-013,Rahul Wilson,July-2026,17,27,Inbound,288.5,5.0,86.8,Escalated
AGT-025,Arjun Reddy,March-2026,6,23,Inbound,305.3,4.0,99.4,Resolved
AGT-022,Michael Iyer,May-2026,23,22,Inbound,270.0,4.3,100.0,Pending
AGT-016,Ananya Verma,April-2026,1,19,Inbound,204.6,4.9,91.2,Resolved
AGT-021,Ananya Gupta,February-2026,21,9,Inbound,262.7,3.7,87.9,Resolved
AGT-011,David Chang,February-2026,8,9,Inbound,287.9,4.8,70.0,Resolved
AGT-008,Kavya Gupta,February-2026,24,8,Inbound,311.3,4.2,68.7,Resolved
AGT-013,Rahul Wilson,May-2026,4,25,Inbound,322.4,4.6,92.5,Escalated
AGT-004,Priya Nair,June-2026,14,8,Inbound,307.1,3.5,80.3,Resolved
AGT-011,David Chang,April-2026,17,11,Inbound,273.5,4.3,86.8,Escalated
AGT-024,James Reddy,April-2026,11,6,Inbound,268.9,4.5,72.9,Resolved
AGT-008,Kavya Gupta,March-2026,18,9,Inbound,278.4,3.9,74.0,Resolved
AGT-024,James Reddy,April-2026,3,6,Inbound,304.1,2.8,84.4,Unresolved
AGT-012,Kavya Jenkins,June-2026,1,20,Inbound,345.9,4.5,86.6,Resolved
AGT-007,Rahul Iyer,July-2026,8,29,Inbound,226.6,4.1,100.0,Unresolved
AGT-016, Ananya Verma ,February-2026,10,17,Inbound,279.8,4.0,98.1,Resolved
AGT-004,Priya Nair,February-2026,25,4,Inbound,311.8,3.9,58.0,Resolved
AGT-021,Ananya Gupta,May-2026,21,12,Inbound,218.7,4.1,88.4,Resolved
AGT-002,Arjun Sharma,July-2026,10,24,Inbound,282.0,5.0,100.0,Resolved
AGT-007,Rahul Iyer,July-2026,18,29,Inbound,227.7,4.3,88.3,Escalated
AGT-020,Rahul Sharma,February-2026,3,9,Inbound,215.7,3.4,82.4,Resolved
AGT-018,Sarah Iyer,June-2026,25,27,Inbound,328.1,5.0,,Resolved
AGT-020,Rahul Sharma,July-2026,25,14,Inbound,309.6,4.4,90.2,Resolved
AGT-018,Sarah Iyer,April-2026,20,25,Inbound,184.2,5.0,84.4,Resolved
AGT-014,Priya Iyer,May-2026,19,21,Inbound,201.1,4.5,85.9,Resolved
AGT-022,Michael Iyer,March-2026,3,20,Inbound,251.8,5.0,100.0,Resolved
AGT-014, Priya Iyer ,June-2026,25,22,Inbound,195.5,5.0,100.0,Resolved
AGT-015,Arjun Nair,February-2026,4,9,Inbound,245.3,,77.1,Resolved
AGT-025,Arjun Reddy,April-2026,15,24,Inbound,282.6,5.0,87.8,Resolved
AGT-022,Michael Iyer,March-2026,2,20,Inbound,223.4,3.9,95.4,Resolved
AGT-015,Arjun Nair,May-2026,10,12,Inbound,313.0,4.5,92.1,Resolved
AGT-004,Priya Nair,April-2026,26,6,Inbound,,4.0,83.2,Resolved
AGT-011,David Chang,March-2026,24,10,Inbound,232.5,4.4,84.9,Resolved
AGT-025,Arjun Reddy,March-2026,16,23,Inbound,225.2,4.0,93.1,Resolved
AGT-006,Arjun Nair,February-2026,12,18,Inbound,190.5,5.0,72.9,Resolved
AGT-006,Arjun Nair,February-2026,14,18,Inbound,273.0,4.8,94.2,Resolved
AGT-006,Arjun Nair,July-2026,22,23,INBOUND,271.3,3.6,100.0,Resolved
AGT-009,Arjun Sharma,March-2026,1,3,Inbound,324.3,4.2,72.3,Resolved
AGT-020,Rahul Sharma,June-2026,20,13,Inbound,252.6,4.4,89.7,Escalated
AGT-004,Priya Nair,July-2026,14,9,Inbound,272.7,3.5,,Resolved
AGT-009,Arjun Sharma,July-2026,4,7,Inbound,309.8,4.0,75.8,Resolved
AGT-002,Arjun Sharma,June-2026,16,23,Inbound,237.5,4.3,88.1,Resolved
AGT-006,Arjun Nair,May-2026,13,21,Inbound,227.1,5.0,97.8,Resolved
AGT-007,Rahul Iyer,February-2026,3,24,Inbound,301.5,3.4,100.0,Escalated
AGT-016,Ananya Verma,June-2026,8,21,Inbound,238.5,5.0,99.0,Escalated
AGT-001,Arjun Jenkins,June-2026,6,20,Inbound,304.8,4.4,90.5,Resolved
AGT-001,Arjun Jenkins,February-2026,5,16,Inbound,307.4,4.8,100.0,Resolved
AGT-003,Sarah Reddy,February-2026,10,22,Inbound,210.7,5.0,100.0,Resolved
AGT-021,Ananya Gupta,May-2026,3,12,INBOUND,302.6,5.0,89.5,Unresolved
AGT-007,Rahul Iyer,July-2026,3,29,Inbound,221.8,4.6,93.4,Resolved
AGT-024,James Reddy,May-2026,25,7,Inbound,265.0,4.9,73.5,Resolved
AGT-013, Rahul Wilson ,June-2026,3,26,Inbound,209.7,4.6,95.9,Escalated
AGT-001,Arjun Jenkins,April-2026,4,18,Inbound,233.7,4.0,100.0,Resolved
AGT-025,Arjun Reddy,July-2026,25,27,Inbound,274.0,5.0,95.3,Resolved
AGT-014,Priya Iyer,April-2026,5,20,Inbound,257.5,3.9,84.2,Resolved
AGT-023,Michael Wilson,March-2026,13,18,Inbound,280.1,4.7,94.4,Resolved
AGT-006,Arjun Nair,April-2026,17,20,Inbound,322.0,4.5,95.4,Escalated
AGT-014,Priya Iyer,February-2026,16,18,Inbound,166.5,4.9,92.2,Resolved
AGT-025,Arjun Reddy,July-2026,2,27,Inbound,260.2,3.5,95.5,Resolved
AGT-012,Kavya Jenkins,April-2026,6,18,Inbound,209.8,4.3,86.1,Resolved
AGT-011,David Chang,March-2026,1,10,Inbound,316.5,4.4,81.3,Escalated
AGT-004,Priya Nair,June-2026,9,8,Inbound,335.5,4.9,90.6,Escalated
AGT-025,Arjun Reddy,June-2026,1,26,Inbound,215.2,5.0,96.6,Resolved
AGT-007,Rahul Iyer,June-2026,9,28,Inbound,267.9,4.6,96.7,Resolved
AGT-001,Arjun Jenkins,July-2026,14,21,Inbound,277.1,4.9,89.4,Pending
AGT-025,Arjun Reddy,July-2026,13,27,Inbound,246.9,3.7,93.3,Resolved
AGT-005,Rahul Chang,March-2026,1,1,Inbound,252.6,1.2,58.5,Resolved
AGT-018,Sarah Iyer,February-2026,2,23,Inbound,252.7,4.9,88.5,Resolved
AGT-014,Priya Iyer,April-2026,10,20,Inbound,262.4,4.9,100.0,Resolved
AGT-010,James Iyer,May-2026,21,9,Inbound,312.6,4.6,87.2,Pending
AGT-025,Arjun Reddy,June-2026,18,26,Inbound,222.2,4.1,99.0,Escalated
AGT-025,Arjun Reddy,June-2026,22,26,Inbound,200.1,,100.0,Resolved
AGT-005,Rahul Chang,May-2026,20,3,Inbound,378.2,,67.4,Resolved
AGT-006,Arjun Nair,March-2026,10,19,INBOUND,213.3,5.0,86.1,Resolved
AGT-012,Kavya Jenkins,February-2026,18,16,Inbound,217.0,4.9,100.0,Escalated
AGT-003,Sarah Reddy,May-2026,3,25,INBOUND,254.0,3.9,83.6,Resolved
AGT-019,Kavya Gupta,March-2026,15,24,Inbound,241.3,4.9,99.2,Resolved
AGT-020,Rahul Sharma,July-2026,13,14,Inbound,298.8,4.2,88.5,Pending
AGT-022,Michael Iyer,July-2026,13,24,Inbound,190.9,4.1,100.0,Resolved
AGT-004,Priya Nair,June-2026,5,8,Inbound,329.5,2.8,85.3,Resolved
AGT-019,Kavya Gupta,April-2026,18,25,Inbound,186.8,,98.1,Resolved
AGT-010,James Iyer,July-2026,21,11,INBOUND,330.4,4.0,82.3,Unresolved
AGT-013,Rahul Wilson,June-2026,25,26,Inbound,280.0,4.8,100.0,Resolved
AGT-007,Rahul Iyer,April-2026,23,26,Inbound,252.5,5.0,93.0,Pending
AGT-018,Sarah Iyer,February-2026,5,23,Inbound,255.7,4.6,85.0,Resolved
AGT-007,Rahul Iyer,February-2026,16,24,INBOUND,138.0,4.8,94.0,Resolved
AGT-019,Kavya Gupta,May-2026,4,26,Inbound,227.5,,100.0,Resolved
AGT-011, David Chang ,February-2026,9,9,Inbound,312.6,3.8,,Resolved
AGT-024,James Reddy,June-2026,1,8,Inbound,268.5,,80.5,Resolved
AGT-020,Rahul Sharma,March-2026,25,10,Inbound,204.2,3.8,87.3,Resolved
AGT-002,Arjun Sharma,April-2026,18,21,Inbound,248.7,4.7,84.5,Resolved
AGT-008,Kavya Gupta,July-2026,15,13,Inbound,233.6,5.0,82.0,Pending
AGT-016,Ananya Verma,March-2026,22,18,Inbound,243.7,5.0,93.4,Resolved
AGT-004,Priya Nair,April-2026,15,6,Inbound,344.2,3.2,78.4,Escalated
AGT-004,Priya Nair,March-2026,22,5,Inbound,303.6,3.5,80.6,Pending
AGT-024,James Reddy,May-2026,4,7,Inbound,226.3,2.5,72.1,Escalated
AGT-017,Neha Sharma,February-2026,20,0,Inbound,276.6,2.0,71.2,Unresolved
AGT-019,Kavya Gupta,June-2026,14,27,Inbound,237.4,3.9,100.0,Escalated
AGT-019,Kavya Gupta,April-2026,24,25,INBOUND,257.8,4.9,100.0,Resolved
AGT-009,Arjun Sharma,April-2026,9,4,Inbound,352.2,3.4,78.0,Unresolved
AGT-012,Kavya Jenkins,May-2026,17,19,Inbound,240.1,5.0,100.0,Unresolved
AGT-021,Ananya Gupta,March-2026,11,10,Inbound,291.5,3.3,82.0,Unresolved
AGT-012,Kavya Jenkins,June-2026,14,20,Inbound,277.5,5.0,100.0,Resolved
AGT-012,Kavya Jenkins,July-2026,18,21,Inbound,198.4,5.0,94.6,Resolved
AGT-015,Arjun Nair,April-2026,2,11,Inbound,242.2,3.9,80.0,Pending
AGT-001,Arjun Jenkins,May-2026,11,19,Inbound,255.2,5.0,99.6,Resolved
AGT-001,Arjun Jenkins,July-2026,11,21,Inbound,256.7,,83.5,Resolved
AGT-009,Arjun Sharma,April-2026,23,4,Inbound,296.7,2.9,77.3,Resolved
AGT-010,James Iyer,June-2026,9,10,Inbound,257.4,3.6,85.2,Resolved
AGT-004,Priya Nair,March-2026,14,5,Inbound,326.1,3.5,83.6,Escalated
AGT-001, Arjun Jenkins ,April-2026,10,18,Inbound,205.1,5.0,100.0,Resolved
AGT-007,Rahul Iyer,May-2026,13,27,Inbound,230.1,4.0,94.2,Unresolved
AGT-019,Kavya Gupta,June-2026,11,27,Inbound,303.2,5.0,90.1,Resolved
AGT-010,James Iyer,February-2026,13,6,Inbound,306.2,3.3,82.3,Resolved
AGT-012,Kavya Jenkins,April-2026,24,18,Inbound,217.3,5.0,95.3,Resolved
AGT-003,Sarah Reddy,July-2026,17,27,Inbound,237.8,4.9,99.3,Resolved
AGT-011,David Chang,May-2026,11,12,Inbound,293.0,3.9,89.5,Resolved
AGT-014,Priya Iyer,February-2026,17,18,Inbound,279.2,5.0,100.0,Escalated
AGT-021,Ananya Gupta,June-2026,25,13,Inbound,328.8,4.2,94.6,Resolved
AGT-014,Priya Iyer,June-2026,26,22,Inbound,,5.0,100.0,Resolved
AGT-011,David Chang,July-2026,21,14,Inbound,218.3,4.1,90.8,Resolved
AGT-003,Sarah Reddy,February-2026,6,22,Inbound,294.6,4.1,88.8,Resolved
AGT-007,Rahul Iyer,June-2026,14,28,Inbound,259.1,4.3,82.0,Resolved
AGT-016,Ananya Verma,May-2026,1,20,INBOUND,342.6,3.6,93.9,Resolved
AGT-023,Michael Wilson,May-2026,12,20,Inbound,214.2,5.0,96.8,Resolved
AGT-024,James Reddy,June-2026,6,8,Inbound,278.1,3.6,63.8,Resolved
AGT-021,Ananya Gupta,May-2026,12,12,Inbound,347.3,4.2,92.4,Pending
AGT-015,Arjun Nair,March-2026,8,10,Inbound,176.5,4.3,81.7,Pending
AGT-019,Kavya Gupta,July-2026,5,28,Inbound,283.8,3.6,100.0,Resolved
AGT-013,Rahul Wilson,June-2026,19,26,Inbound,237.7,5.0,89.1,Resolved
AGT-018,Sarah Iyer,June-2026,20,27,Inbound,,5.0,88.9,Resolved
AGT-019,Kavya Gupta,February-2026,7,23,Inbound,256.7,5.0,100.0,Resolved
AGT-012,Kavya Jenkins,July-2026,17,21,Inbound,186.7,5.0,89.3,Resolved
AGT-016,Ananya Verma,February-2026,8,17,Inbound,287.3,5.0,83.5,Resolved
AGT-014,Priya Iyer,April-2026,20,20,Inbound,253.5,4.6,92.1,Resolved
AGT-013,Rahul Wilson,March-2026,16,23,Inbound,221.2,5.0,89.0,Resolved
AGT-011,David Chang,July-2026,6,14,Inbound,267.9,3.9,84.5,Resolved
AGT-017,Neha Sharma,June-2026,6,4,Inbound,324.5,3.6,77.9,Resolved
AGT-025,Arjun Reddy,March-2026,2,23,Inbound,238.7,5.0,90.8,Resolved
AGT-022,Michael Iyer,June-2026,17,23,Inbound,224.0,4.8,91.0,Resolved
AGT-009,Arjun Sharma,February-2026,3,2,Inbound,240.8,3.4,67.5,Pending
AGT-012, Kavya Jenkins ,March-2026,9,17,Inbound,282.9,4.8,89.1,Resolved
AGT-016, Ananya Verma ,July-2026,11,22,Inbound,242.0,5.0,86.1,Resolved
AGT-006,Arjun Nair,February-2026,9,18,Inbound,250.2,4.3,85.8,Resolved
AGT-015,Arjun Nair,July-2026,10,14,Inbound,243.9,3.6,81.0,Resolved
AGT-009,Arjun Sharma,May-2026,19,5,Inbound,232.3,2.1,71.5,Resolved
AGT-003, Sarah Reddy ,February-2026,9,22,Inbound,272.3,5.0,84.0,Resolved
AGT-005,Rahul Chang,June-2026,10,4,Inbound,308.5,3.0,80.1,Unresolved
AGT-025,Arjun Reddy,February-2026,15,22,Inbound,244.2,4.4,94.9,Resolved
AGT-018,Sarah Iyer,February-2026,17,23,INBOUND,164.7,5.0,80.0,Resolved
AGT-016,Ananya Verma,February-2026,16,17,Inbound,239.5,,92.5,Resolved
AGT-006,Arjun Nair,April-2026,2,20,Inbound,214.2,3.9,82.6,Resolved
AGT-020,Rahul Sharma,July-2026,17,14,Inbound,333.4,5.0,91.2,Resolved
AGT-024,James Reddy,April-2026,23,6,Inbound,286.4,2.6,78.4,Pending
AGT-002,Arjun Sharma,July-2026,13,24,Inbound,286.9,,93.6,Escalated
AGT-001,Arjun Jenkins,May-2026,10,19,Inbound,182.1,5.0,100.0,Resolved
AGT-004,Priya Nair,July-2026,26,9,Inbound,309.4,4.8,79.9,Escalated
AGT-010, James Iyer ,June-2026,15,10,Inbound,357.7,3.4,82.6,Escalated
AGT-021,Ananya Gupta,March-2026,1,10,Inbound,286.9,5.0,90.1,Resolved
AGT-014,Priya Iyer,March-2026,13,19,Inbound,283.2,4.5,94.5,Resolved
AGT-021,Ananya Gupta,July-2026,18,14,Inbound,272.2,4.3,92.4,Resolved
AGT-024,James Reddy,March-2026,9,5,Inbound,305.0,5.0,72.9,Resolved
AGT-021,Ananya Gupta,February-2026,9,9,Inbound,299.6,3.4,77.6,Escalated
AGT-003,Sarah Reddy,April-2026,21,24,Inbound,228.8,4.8,100.0,Resolved
AGT-007,Rahul Iyer,March-2026,3,25,Inbound,219.3,4.8,84.5,Resolved
AGT-019,Kavya Gupta,March-2026,26,24,Inbound,233.6,5.0,100.0,Resolved
AGT-018,Sarah Iyer,May-2026,14,26,Inbound,253.4,5.0,88.6,Resolved
AGT-003,Sarah Reddy,February-2026,14,22,Inbound,254.5,4.7,94.1,Resolved
AGT-003,Sarah Reddy,June-2026,19,26,Inbound,261.1,4.9,100.0,Resolved
AGT-005,Rahul Chang,July-2026,10,5,Inbound,318.5,3.2,88.2,Resolved
AGT-013,Rahul Wilson,May-2026,16,25,Inbound,314.1,5.0,85.6,Resolved
AGT-020,Rahul Sharma,February-2026,9,9,Inbound,320.6,3.4,81.0,Resolved
AGT-016,Ananya Verma,March-2026,6,18,Inbound,243.2,5.0,99.6,Resolved
AGT-002,Arjun Sharma,July-2026,8,24,Inbound,291.8,4.1,96.5,Resolved
AGT-007,Rahul Iyer,April-2026,15,26,Inbound,194.2,4.8,96.2,Resolved
AGT-001,Arjun Jenkins,April-2026,1,18,Inbound,123.2,5.0,96.2,Resolved
AGT-024,James Reddy,February-2026,5,4,Inbound,347.2,2.7,76.0,Pending
AGT-024,James Reddy,March-2026,15,5,Inbound,318.0,3.1,81.1,Resolved
AGT-010,James Iyer,May-2026,13,9,Inbound,326.4,4.6,83.9,Escalated
AGT-008,Kavya Gupta,March-2026,2,9,Inbound,258.5,2.9,68.1,Resolved
AGT-001,Arjun Jenkins,July-2026,25,21,Inbound,221.7,4.1,87.1,Unresolved
AGT-008,Kavya Gupta,April-2026,18,10,Inbound,279.1,5.0,85.8,Resolved
AGT-013,Rahul Wilson,April-2026,25,24,Inbound,273.0,4.3,97.3,Resolved
AGT-022,Michael Iyer,April-2026,20,21,Inbound,171.9,4.2,93.5,Unresolved
AGT-025,Arjun Reddy,June-2026,16,26,Inbound,243.5,5.0,100.0,Resolved
AGT-002,Arjun Sharma,March-2026,12,20,Inbound,224.3,4.8,95.5,Resolved
AGT-003,Sarah Reddy,May-2026,23,25,Inbound,302.6,5.0,99.7,Resolved
AGT-022,Michael Iyer,April-2026,23,21,Inbound,276.4,5.0,86.8,Resolved
AGT-005,Rahul Chang,June-2026,12,4,Inbound,257.4,3.6,59.6,Resolved
AGT-007,Rahul Iyer,May-2026,14,27,Inbound,276.1,4.3,90.9,Pending
AGT-009,Arjun Sharma,May-2026,11,5,Inbound,321.6,3.3,79.8,Pending
AGT-020,Rahul Sharma,May-2026,1,12,Inbound,311.2,5.0,82.0,Resolved
AGT-014,Priya Iyer,April-2026,7,20,Inbound,309.8,4.7,84.9,Resolved
AGT-001,Arjun Jenkins,July-2026,2,21,Inbound,271.4,5.0,96.6,Resolved
AGT-001,Arjun Jenkins,March-2026,13,17,Inbound,190.7,4.5,79.0,Resolved
AGT-009,Arjun Sharma,April-2026,26,4,Inbound,256.4,2.6,59.8,Escalated
AGT-020, Rahul Sharma ,May-2026,24,12,Inbound,271.2,5.0,89.2,Resolved
AGT-023,Michael Wilson,May-2026,1,20,Inbound,279.9,5.0,83.0,Resolved
AGT-025,Arjun Reddy,June-2026,21,26,INBOUND,294.7,4.6,97.5,Resolved
AGT-004,Priya Nair,February-2026,3,4,Inbound,360.9,2.0,59.3,Resolved
AGT-007,Rahul Iyer,June-2026,10,28,Inbound,,4.1,98.6,Resolved
AGT-018,Sarah Iyer,May-2026,15,26,Inbound,245.7,5.0,86.4,Escalated
AGT-021,Ananya Gupta,May-2026,17,12,Inbound,261.1,4.7,68.3,Resolved
AGT-020,Rahul Sharma,March-2026,1,10,Inbound,275.5,3.3,71.9,Resolved
AGT-002,Arjun Sharma,April-2026,1,21,Inbound,182.8,5.0,99.9,Resolved
AGT-017, Neha Sharma ,May-2026,9,3,Inbound,301.3,3.9,71.8,Resolved
AGT-014,Priya Iyer,May-2026,6,21,Inbound,220.3,4.5,97.4,Resolved
AGT-005,Rahul Chang,July-2026,6,5,Inbound,349.0,2.9,80.3,Pending
AGT-005,Rahul Chang,April-2026,7,2,Inbound,296.5,4.9,50.0,Escalated
AGT-023,Michael Wilson,July-2026,6,22,Inbound,265.4,4.3,97.1,Resolved
AGT-017,Neha Sharma,February-2026,10,0,Inbound,307.3,2.9,61.3,Resolved
AGT-019,Kavya Gupta,May-2026,11,26,Inbound,260.4,5.0,92.3,Resolved
AGT-001,Arjun Jenkins,July-2026,16,21,Inbound,245.4,3.7,95.9,Resolved
AGT-015,Arjun Nair,February-2026,8,9,Inbound,271.6,3.2,90.9,Resolved
AGT-003,Sarah Reddy,May-2026,1,25,Inbound,249.5,5.0,96.0,Resolved
AGT-018,Sarah Iyer,March-2026,10,24,Inbound,232.9,5.0,92.8,Escalated
AGT-023,Michael Wilson,March-2026,10,18,Inbound,210.9,5.0,100.0,Resolved
AGT-015,Arjun Nair,February-2026,20,9,Inbound,299.2,4.0,69.3,Escalated
AGT-012,Kavya Jenkins,April-2026,1,18,Inbound,322.4,5.0,84.4,Resolved
AGT-014,Priya Iyer,May-2026,26,21,Inbound,275.8,5.0,100.0,Resolved
AGT-023, Michael Wilson ,July-2026,24,22,Inbound,282.9,5.0,71.8,Resolved
AGT-011,David Chang,May-2026,22,12,Inbound,276.5,3.3,90.5,Pending
AGT-010,James Iyer,May-2026,23,9,Inbound,290.4,4.9,71.7,Resolved
AGT-020,Rahul Sharma,July-2026,16,14,Inbound,404.9,4.6,73.9,Resolved
AGT-019,Kavya Gupta,April-2026,15,25,Inbound,225.2,3.8,100.0,Resolved
AGT-019,Kavya Gupta,July-2026,16,28,Inbound,341.1,4.1,90.2,Resolved
AGT-010,James Iyer,June-2026,17,10,Inbound,278.4,3.4,83.5,Resolved
AGT-002,Arjun Sharma,May-2026,15,22,Inbound,200.5,5.0,100.0,Resolved
AGT-021,Ananya Gupta,April-2026,18,11,Inbound,368.6,4.4,89.5,Resolved
AGT-012,Kavya Jenkins,February-2026,5,16,Inbound,284.4,3.9,89.7,Resolved
AGT-020,Rahul Sharma,March-2026,11,10,Inbound,283.5,2.8,84.6,Resolved
AGT-018,Sarah Iyer,April-2026,10,25,Inbound,274.7,4.8,89.0,Resolved
AGT-014,Priya Iyer,March-2026,10,19,Inbound,253.1,4.0,95.1,Resolved
AGT-014,Priya Iyer,April-2026,21,20,Inbound,285.8,3.8,87.2,Resolved
AGT-025,Arjun Reddy,April-2026,7,24,Inbound,238.7,4.7,100.0,Resolved
AGT-009,Arjun Sharma,April-2026,5,4,Inbound,352.9,3.8,67.0,Unresolved
AGT-004,Priya Nair,July-2026,11,9,Inbound,277.9,4.4,83.4,Resolved
AGT-016,Ananya Verma,April-2026,22,19,Inbound,223.3,5.0,89.9,Resolved
AGT-006,Arjun Nair,May-2026,1,21,Inbound,276.5,5.0,98.8,Resolved
AGT-014,Priya Iyer,February-2026,15,18,Inbound,269.7,5.0,95.9,Unresolved
AGT-023,Michael Wilson,June-2026,15,21,Inbound,222.3,4.9,88.7,Resolved
AGT-021,Ananya Gupta,June-2026,5,13,Inbound,335.0,3.7,92.2,Resolved
AGT-023,Michael Wilson,April-2026,1,19,Inbound,250.7,5.0,96.3,Pending
AGT-023,Michael Wilson,March-2026,6,18,Inbound,247.0,5.0,78.1,Resolved
AGT-006,Arjun Nair,April-2026,26,20,Inbound,272.2,4.6,92.1,Resolved
AGT-014,Priya Iyer,April-2026,9,20,Inbound,303.2,4.5,97.1,Resolved
AGT-015,Arjun Nair,July-2026,16,14,Inbound,280.1,5.0,78.8,Unresolved
AGT-011,David Chang,May-2026,6,12,Inbound,313.0,5.0,71.0,Resolved
AGT-018,Sarah Iyer,May-2026,9,26,Inbound,257.4,4.3,83.3,Resolved
AGT-010,James Iyer,February-2026,4,6,Inbound,375.6,3.9,85.1,Resolved
AGT-002,Arjun Sharma,February-2026,11,19,Inbound,227.4,3.8,91.0,Pending
AGT-015,Arjun Nair,May-2026,5,12,Inbound,282.5,5.0,88.6,Resolved
AGT-001,Arjun Jenkins,June-2026,1,20,Inbound,295.9,5.0,100.0,Resolved
AGT-015,Arjun Nair,April-2026,25,11,Inbound,295.8,4.8,74.4,Resolved
AGT-005,Rahul Chang,February-2026,12,0,Inbound,299.4,3.0,66.6,Resolved
AGT-004,Priya Nair,February-2026,10,4,Inbound,262.1,2.9,66.3,Pending
AGT-019,Kavya Gupta,July-2026,1,28,Inbound,231.4,5.0,95.5,Resolved
AGT-016,Ananya Verma,February-2026,25,17,Inbound,217.8,3.4,81.9,Unresolved
AGT-020,Rahul Sharma,February-2026,18,9,INBOUND,286.6,3.3,84.7,Resolved
AGT-013,Rahul Wilson,July-2026,16,27,Inbound,213.4,4.9,87.8,Resolved
AGT-007,Rahul Iyer,July-2026,6,29,Inbound,266.6,4.4,100.0,Resolved
AGT-010,James Iyer,June-2026,19,10,Inbound,282.6,4.4,81.6,Resolved
AGT-019,Kavya Gupta,May-2026,5,26,Inbound,230.7,4.3,87.1,Resolved
AGT-013,Rahul Wilson,April-2026,15,24,Inbound,355.5,5.0,95.7,Resolved
AGT-020,Rahul Sharma,February-2026,23,9,Inbound,281.5,4.7,72.8,Pending
AGT-015,Arjun Nair,July-2026,21,14,Inbound,189.5,3.9,86.2,Resolved
AGT-004,Priya Nair,July-2026,8,9,Inbound,226.8,3.9,83.1,Escalated
AGT-024,James Reddy,March-2026,24,5,Inbound,260.9,3.1,74.0,Resolved
AGT-023,Michael Wilson,June-2026,7,21,Inbound,217.4,4.2,93.1,Unresolved
AGT-012,Kavya Jenkins,June-2026,12,20,Inbound,249.8,4.1,88.5,Resolved
AGT-025,Arjun Reddy,June-2026,7,26,Inbound,213.8,4.4,100.0,Resolved
AGT-023,Michael Wilson,June-2026,25,21,Inbound,246.8,,,Resolved
AGT-021,Ananya Gupta,April-2026,9,11,Inbound,,4.7,78.3,Resolved
AGT-011,David Chang,March-2026,5,10,Inbound,250.7,5.0,69.3,Resolved
AGT-007,Rahul Iyer,April-2026,16,26,Inbound,298.6,5.0,92.4,Resolved
AGT-022,Michael Iyer,February-2026,20,19,INBOUND,184.3,4.5,94.2,Resolved
AGT-014,Priya Iyer,March-2026,5,19,Inbound,241.2,5.0,100.0,Escalated
AGT-023,Michael Wilson,July-2026,22,22,Inbound,307.4,4.7,82.4,Resolved
AGT-025,Arjun Reddy,May-2026,21,25,Inbound,255.7,4.5,98.9,Resolved
AGT-017,Neha Sharma,July-2026,7,5,Inbound,211.2,3.2,76.1,Resolved
AGT-012,Kavya Jenkins,February-2026,19,16,Inbound,233.6,3.6,90.8,Escalated
AGT-005,Rahul Chang,June-2026,25,4,Inbound,338.9,3.7,73.0,Resolved
AGT-019,Kavya Gupta,July-2026,20,28,Inbound,224.7,4.7,,Resolved
AGT-010,James Iyer,February-2026,10,6,Inbound,229.2,3.9,87.6,Resolved
AGT-014,Priya Iyer,June-2026,24,22,Inbound,222.7,5.0,93.3,Unresolved
AGT-001,Arjun Jenkins,May-2026,25,19,Inbound,296.7,4.8,98.6,Escalated
AGT-024,James Reddy,May-2026,24,7,Inbound,211.1,4.4,84.3,Resolved
AGT-007,Rahul Iyer,July-2026,9,29,INBOUND,228.3,4.2,95.5,Resolved
AGT-009,Arjun Sharma,June-2026,5,6,Inbound,361.2,3.9,60.8,Unresolved
AGT-016,Ananya Verma,May-2026,19,20,Inbound,284.9,4.7,94.2,Resolved
AGT-022,Michael Iyer,February-2026,6,19,Inbound,207.3,5.0,78.3,Resolved
AGT-015,Arjun Nair,February-2026,11,9,Inbound,315.4,3.1,80.9,Escalated
AGT-004,Priya Nair,February-2026,20,4,Inbound,242.1,2.7,81.4,Unresolved
AGT-005,Rahul Chang,March-2026,7,1,Inbound,287.2,2.1,66.8,Resolved
AGT-020,Rahul Sharma,March-2026,23,10,Inbound,322.4,3.3,82.4,Resolved
AGT-018,Sarah Iyer,May-2026,17,26,Inbound,345.0,4.4,91.6,Resolved
AGT-006,Arjun Nair,February-2026,18,18,Inbound,208.5,4.3,100.0,Escalated
AGT-004,Priya Nair,March-2026,2,5,Inbound,233.6,3.5,81.4,Escalated
AGT-020,Rahul Sharma,February-2026,12,9,Inbound,264.6,4.5,67.8,Escalated
AGT-012,Kavya Jenkins,July-2026,3,21,Inbound,165.6,5.0,91.8,Resolved
AGT-014,Priya Iyer,February-2026,25,18,Inbound,197.2,4.1,89.8,Resolved
AGT-025,Arjun Reddy,May-2026,7,25,Inbound,215.1,4.9,86.9,Resolved
AGT-007,Rahul Iyer,April-2026,11,26,Inbound,227.1,5.0,100.0,Resolved
AGT-013,Rahul Wilson,February-2026,6,22,Inbound,283.1,5.0,89.1,Resolved
AGT-007, Rahul Iyer ,February-2026,15,24,Inbound,254.8,3.9,93.2,Resolved
AGT-019,Kavya Gupta,June-2026,20,27,Inbound,290.1,3.8,,Pending
AGT-011,David Chang,April-2026,25,11,Inbound,237.1,4.2,70.8,Resolved
AGT-022,Michael Iyer,March-2026,15,20,Inbound,220.5,4.3,100.0,Escalated
AGT-013,Rahul Wilson,April-2026,24,24,Inbound,273.0,4.4,99.6,Resolved
AGT-016,Ananya Verma,March-2026,10,18,Inbound,276.3,4.7,87.9,Resolved
AGT-006,Arjun Nair,April-2026,5,20,Inbound,289.7,3.6,89.8,Resolved
AGT-010,James Iyer,March-2026,26,7,Inbound,352.3,4.5,84.3,Resolved
AGT-012,Kavya Jenkins,May-2026,25,19,Inbound,161.4,3.2,100.0,Resolved
AGT-005,Rahul Chang,June-2026,9,4,Inbound,304.4,3.4,78.9,Unresolved
AGT-003,Sarah Reddy,June-2026,12,26,Inbound,236.6,5.0,90.7,Resolved
AGT-012,Kavya Jenkins,June-2026,18,20,Inbound,250.6,5.0,100.0,Resolved
AGT-007,Rahul Iyer,February-2026,5,24,Inbound,238.3,4.0,100.0,Resolved
AGT-013,Rahul Wilson,March-2026,7,23,Inbound,268.2,4.8,82.4,Resolved
AGT-023,Michael Wilson,March-2026,18,18,Inbound,208.6,,100.0,Resolved
AGT-021,Ananya Gupta,February-2026,3,9,Inbound,284.1,4.2,82.4,Resolved
AGT-011,David Chang,April-2026,8,11,Inbound,264.5,4.5,78.1,Resolved
AGT-014,Priya Iyer,July-2026,3,23,Inbound,228.1,3.8,81.7,Resolved
AGT-012,Kavya Jenkins,March-2026,3,17,Inbound,242.9,4.1,86.3,Escalated
AGT-003,Sarah Reddy,April-2026,14,24,Inbound,264.8,4.3,93.3,Resolved
AGT-024,James Reddy,April-2026,7,6,Inbound,339.8,,74.5,Resolved
AGT-013,Rahul Wilson,March-2026,8,23,Inbound,243.6,4.5,98.8,Resolved
AGT-016,Ananya Verma,April-2026,14,19,Inbound,290.3,4.7,93.6,Unresolved
AGT-006,Arjun Nair,March-2026,13,19,Inbound,,3.4,,Resolved
AGT-021,Ananya Gupta,March-2026,8,10,Inbound,325.4,3.7,72.5,Resolved
AGT-015,Arjun Nair,February-2026,15,9,Inbound,,4.1,84.4,Resolved
AGT-011,David Chang,February-2026,3,9,Inbound,298.3,3.9,87.5,Resolved
AGT-003,Sarah Reddy,February-2026,22,22,Inbound,213.8,5.0,100.0,Escalated
AGT-009,Arjun Sharma,April-2026,14,4,Inbound,349.7,3.5,73.7,Pending
AGT-002, Arjun Sharma ,February-2026,3,19,Inbound,265.9,5.0,100.0,Resolved
AGT-005,Rahul Chang,July-2026,14,5,Inbound,321.1,3.8,69.5,Unresolved
AGT-018,Sarah Iyer,June-2026,9,27,Inbound,231.4,4.9,95.0,Resolved
AGT-001,Arjun Jenkins,May-2026,7,19,Inbound,292.6,4.3,98.5,Resolved
AGT-011,David Chang,June-2026,8,13,Inbound,233.0,3.7,98.5,Pending
AGT-024,James Reddy,July-2026,8,9,INBOUND,260.9,4.7,70.8,Escalated
AGT-023,Michael Wilson,April-2026,8,19,Inbound,245.6,4.8,89.4,Resolved
AGT-008,Kavya Gupta,May-2026,20,11,Inbound,209.3,3.8,73.7,Pending
AGT-025,Arjun Reddy,February-2026,20,22,Inbound,198.5,3.7,93.4,Resolved
AGT-010,James Iyer,May-2026,26,9,Inbound,320.3,2.2,78.5,Pending
AGT-016,Ananya Verma,June-2026,26,21,Inbound,198.9,3.4,100.0,Unresolved
AGT-012,Kavya Jenkins,June-2026,4,20,Inbound,267.6,4.8,94.4,Resolved
AGT-012,Kavya Jenkins,May-2026,10,19,Inbound,250.1,5.0,100.0,Resolved
AGT-002,Arjun Sharma,March-2026,22,20,Inbound,311.8,4.9,89.3,Resolved
AGT-002,Arjun Sharma,March-2026,26,20,Inbound,278.4,3.9,100.0,Resolved
AGT-006,Arjun Nair,July-2026,12,23,Inbound,249.2,4.9,100.0,Escalated
AGT-003,Sarah Reddy,June-2026,13,26,Inbound,251.0,5.0,100.0,Escalated
AGT-002,Arjun Sharma,March-2026,7,20,Inbound,208.3,5.0,92.7,Resolved
AGT-009,Arjun Sharma,June-2026,17,6,Inbound,325.1,3.6,78.0,Unresolved
AGT-016,Ananya Verma,March-2026,4,18,Inbound,271.1,5.0,100.0,Resolved
AGT-002,Arjun Sharma,May-2026,10,22,Inbound,232.8,4.4,97.9,Resolved
AGT-024,James Reddy,June-2026,23,8,Inbound,246.5,3.5,83.0,Resolved
AGT-004,Priya Nair,February-2026,17,4,INBOUND,404.8,3.5,75.5,Escalated
AGT-007,Rahul Iyer,May-2026,9,27,Inbound,256.1,4.6,88.9,Escalated
AGT-005,Rahul Chang,May-2026,3,3,Inbound,339.2,2.4,71.7,Resolved
AGT-014,Priya Iyer,June-2026,12,22,Inbound,,5.0,100.0,Unresolved
AGT-018,Sarah Iyer,June-2026,15,27,Inbound,275.2,4.9,89.2,Resolved
AGT-005,Rahul Chang,April-2026,21,2,INBOUND,332.8,2.3,61.9,Pending
AGT-003,Sarah Reddy,May-2026,8,25,Inbound,300.9,4.0,,Resolved
AGT-013,Rahul Wilson,July-2026,1,27,Inbound,296.1,4.5,92.2,Resolved
AGT-015,Arjun Nair,May-2026,13,12,Inbound,289.2,5.0,94.2,Resolved
AGT-021,Ananya Gupta,March-2026,21,10,Inbound,,3.4,78.2,Resolved
AGT-004,Priya Nair,June-2026,3,8,Inbound,314.9,3.7,72.1,Resolved
AGT-004,Priya Nair,May-2026,2,7,Inbound,353.1,2.5,75.2,Escalated
AGT-011,David Chang,March-2026,10,10,Inbound,255.1,2.8,78.4,Resolved
AGT-020,Rahul Sharma,March-2026,12,10,Inbound,302.3,4.4,92.3,Escalated
AGT-025,Arjun Reddy,March-2026,10,23,Inbound,254.0,4.1,99.2,Resolved
AGT-021,Ananya Gupta,March-2026,4,10,Inbound,330.5,4.4,75.5,Unresolved
AGT-012,Kavya Jenkins,March-2026,25,17,Inbound,250.8,3.6,76.1,Resolved
AGT-024,James Reddy,May-2026,20,7,Inbound,389.3,4.1,71.2,Resolved
AGT-019, Kavya Gupta ,June-2026,4,27,Inbound,260.1,5.0,91.5,Resolved
AGT-005,Rahul Chang,May-2026,15,3,Inbound,385.2,3.8,59.0,Pending
AGT-009,Arjun Sharma,March-2026,6,3,Inbound,379.1,4.0,69.0,Resolved
AGT-024,James Reddy,February-2026,17,4,Inbound,336.0,3.3,69.1,Unresolved
AGT-022,Michael Iyer,February-2026,9,19,Inbound,211.2,5.0,82.6,Resolved
AGT-003,Sarah Reddy,February-2026,15,22,Inbound,220.1,3.8,100.0,Resolved
AGT-001,Arjun Jenkins,March-2026,10,17,Inbound,243.0,4.8,97.5,Resolved
AGT-009,Arjun Sharma,May-2026,15,5,Inbound,289.6,4.0,60.8,Resolved
AGT-018,Sarah Iyer,June-2026,16,27,Inbound,266.8,2.9,100.0,Unresolved
AGT-012,Kavya Jenkins,April-2026,19,18,Inbound,232.7,5.0,93.9,Resolved
AGT-005,Rahul Chang,April-2026,6,2,Inbound,245.0,4.6,71.0,Resolved
AGT-010,James Iyer,May-2026,15,9,Inbound,219.2,2.8,83.6,Pending
AGT-006,Arjun Nair,April-2026,6,20,Inbound,185.4,5.0,,Unresolved
AGT-021,Ananya Gupta,February-2026,18,9,Inbound,289.6,4.9,82.4,Resolved
AGT-003,Sarah Reddy,March-2026,12,23,Inbound,256.6,5.0,82.8,Escalated
AGT-010, James Iyer ,May-2026,4,9,Inbound,291.9,4.4,87.3,Resolved
AGT-001,Arjun Jenkins,April-2026,23,18,Inbound,233.1,5.0,85.8,Resolved
AGT-020,Rahul Sharma,March-2026,9,10,Inbound,316.2,5.0,66.3,Resolved
AGT-004,Priya Nair,June-2026,26,8,Inbound,303.4,4.6,68.5,Resolved
AGT-019,Kavya Gupta,April-2026,11,25,Inbound,228.1,5.0,100.0,Resolved
AGT-004,Priya Nair,May-2026,9,7,Inbound,321.2,4.6,84.2,Resolved
AGT-020,Rahul Sharma,March-2026,3,10,Inbound,195.2,3.2,77.0,Resolved
AGT-009,Arjun Sharma,May-2026,12,5,Inbound,389.1,2.7,,Resolved
AGT-017,Neha Sharma,February-2026,12,0,Inbound,371.1,3.2,67.4,Pending
AGT-007,Rahul Iyer,February-2026,25,24,Inbound,248.2,4.0,,Resolved
AGT-008,Kavya Gupta,March-2026,1,9,Inbound,264.4,4.4,88.0,Resolved
AGT-014, Priya Iyer ,June-2026,2,22,Inbound,309.1,5.0,90.8,Resolved
AGT-011,David Chang,May-2026,16,12,Inbound,216.3,4.4,80.5,Resolved
AGT-006,Arjun Nair,March-2026,21,19,Inbound,304.4,5.0,81.1,Pending
AGT-024, James Reddy ,February-2026,23,4,Inbound,302.0,4.7,69.1,Escalated
AGT-002,Arjun Sharma,June-2026,21,23,Inbound,283.7,4.7,98.3,Resolved
AGT-010,James Iyer,May-2026,10,9,Inbound,252.1,4.0,74.7,Resolved
AGT-021,Ananya Gupta,February-2026,14,9,Inbound,291.6,4.4,,Resolved
AGT-017,Neha Sharma,March-2026,9,1,Inbound,279.8,2.9,69.6,Escalated
AGT-023,Michael Wilson,May-2026,2,20,Inbound,172.7,4.1,100.0,Resolved
AGT-021,Ananya Gupta,February-2026,26,9,Inbound,289.7,3.6,83.7,Resolved
AGT-019,Kavya Gupta,March-2026,6,24,Inbound,223.3,5.0,93.4,Resolved
AGT-017,Neha Sharma,May-2026,2,3,Inbound,235.0,3.1,59.9,Unresolved
AGT-013,Rahul Wilson,April-2026,1,24,Inbound,345.4,3.7,,Resolved
AGT-011,David Chang,February-2026,6,9,Inbound,259.4,3.6,86.3,Pending
AGT-017,Neha Sharma,July-2026,1,5,Inbound,358.5,5.0,55.5,Pending
AGT-010,James Iyer,April-2026,25,8,Inbound,341.4,4.4,71.9,Resolved
AGT-004,Priya Nair,February-2026,16,4,Inbound,321.1,2.9,70.1,Resolved
AGT-007,Rahul Iyer,March-2026,7,25,INBOUND,174.3,4.6,100.0,Pending
AGT-007,Rahul Iyer,June-2026,24,28,INBOUND,228.6,5.0,98.5,Resolved
AGT-003,Sarah Reddy,April-2026,24,24,Inbound,245.2,5.0,73.9,Resolved
AGT-017,Neha Sharma,March-2026,13,1,Inbound,,4.1,54.2,Escalated
AGT-019,Kavya Gupta,February-2026,14,23,Inbound,214.2,4.3,100.0,Resolved
AGT-015, Arjun Nair ,July-2026,18,14,Inbound,236.9,5.0,72.5,Resolved
AGT-018,Sarah Iyer,March-2026,14,24,Inbound,332.9,,76.2,Resolved
AGT-020,Rahul Sharma,May-2026,3,12,Inbound,224.8,3.9,,Resolved
AGT-005,Rahul Chang,April-2026,9,2,Inbound,269.0,3.1,74.2,Resolved
AGT-014,Priya Iyer,May-2026,23,21,INBOUND,162.6,5.0,95.7,Resolved
AGT-013,Rahul Wilson,March-2026,5,23,Inbound,283.7,3.6,78.7,Escalated
AGT-012,Kavya Jenkins,May-2026,13,19,INBOUND,249.6,4.8,100.0,Unresolved
AGT-001,Arjun Jenkins,June-2026,20,20,Inbound,182.0,5.0,89.4,Escalated
AGT-012,Kavya Jenkins,June-2026,15,20,Inbound,254.0,4.2,97.4,Resolved
AGT-008,Kavya Gupta,April-2026,23,10,Inbound,219.7,3.0,75.5,Unresolved
AGT-003,Sarah Reddy,February-2026,3,22,Inbound,242.6,5.0,100.0,Pending
AGT-005,Rahul Chang,July-2026,2,5,Inbound,279.0,3.7,61.7,Escalated
AGT-015,Arjun Nair,March-2026,5,10,Inbound,265.4,4.4,85.8,Resolved
AGT-002,Arjun Sharma,June-2026,3,23,Inbound,268.1,5.0,100.0,Resolved
AGT-019,Kavya Gupta,May-2026,18,26,Inbound,207.0,5.0,80.8,Resolved
AGT-006,Arjun Nair,June-2026,16,22,Inbound,284.1,4.0,100.0,Resolved
AGT-003,Sarah Reddy,June-2026,5,26,Inbound,280.3,4.6,85.7,Resolved
AGT-016,Ananya Verma,June-2026,18,21,Inbound,226.4,3.9,96.6,Escalated
AGT-019,Kavya Gupta,April-2026,10,25,Inbound,220.9,,99.2,Resolved
AGT-001,Arjun Jenkins,February-2026,2,16,Inbound,256.3,3.3,80.6,Escalated
AGT-004,Priya Nair,June-2026,24,8,Inbound,328.1,5.0,73.2,Resolved
AGT-024,James Reddy,July-2026,16,9,Inbound,282.7,4.5,85.0,Resolved
AGT-010, James Iyer ,April-2026,23,8,Inbound,276.7,4.5,68.8,Resolved
AGT-021,Ananya Gupta,July-2026,26,14,Inbound,275.7,4.7,91.4,Resolved
AGT-001,Arjun Jenkins,February-2026,24,16,Inbound,207.2,5.0,98.8,Resolved
AGT-005,Rahul Chang,February-2026,6,0,Inbound,328.1,3.3,70.7,Pending
AGT-003,Sarah Reddy,June-2026,25,26,Inbound,246.4,4.7,,Escalated
AGT-018,Sarah Iyer,July-2026,8,28,Inbound,239.5,3.9,85.0,Resolved
AGT-006,Arjun Nair,July-2026,24,23,Inbound,270.7,5.0,90.0,Resolved
AGT-023,Michael Wilson,April-2026,17,19,Inbound,258.5,4.3,92.5,Pending
AGT-004,Priya Nair,March-2026,11,5,Inbound,267.4,4.4,63.8,Resolved
AGT-024,James Reddy,May-2026,10,7,Inbound,246.0,4.5,74.6,Unresolved
AGT-023,Michael Wilson,February-2026,22,17,Inbound,246.8,5.0,100.0,Resolved
AGT-017,Neha Sharma,March-2026,16,1,Inbound,,2.8,55.6,Resolved
AGT-006,Arjun Nair,March-2026,14,19,Inbound,296.1,,95.7,Resolved
AGT-002,Arjun Sharma,February-2026,17,19,INBOUND,,5.0,94.6,Resolved
AGT-023,Michael Wilson,April-2026,19,19,Inbound,227.0,4.0,95.0,Resolved
AGT-018,Sarah Iyer,June-2026,21,27,Inbound,265.1,5.0,100.0,Unresolved
AGT-014, Priya Iyer ,July-2026,25,23,Inbound,236.7,4.2,90.7,Resolved
AGT-006,Arjun Nair,June-2026,13,22,Inbound,206.3,4.2,93.5,Escalated
AGT-001,Arjun Jenkins,July-2026,9,21,Inbound,216.4,3.5,89.8,Resolved
AGT-017,Neha Sharma,May-2026,11,3,Inbound,401.8,2.9,75.5,Resolved
AGT-021,Ananya Gupta,February-2026,19,9,Inbound,292.1,3.4,89.2,Resolved
AGT-016,Ananya Verma,July-2026,2,22,INBOUND,284.0,5.0,92.0,Resolved
AGT-023,Michael Wilson,March-2026,20,18,Inbound,207.7,4.8,92.1,Resolved
AGT-002,Arjun Sharma,June-2026,17,23,Inbound,302.1,4.8,100.0,Resolved
AGT-001,Arjun Jenkins,February-2026,4,16,Inbound,246.0,4.8,90.2,Resolved
AGT-015,Arjun Nair,April-2026,24,11,Inbound,264.0,4.2,90.9,Escalated
AGT-005,Rahul Chang,June-2026,24,4,Inbound,261.4,2.6,60.9,Unresolved
AGT-005,Rahul Chang,June-2026,21,4,Inbound,230.8,4.1,56.7,Pending
AGT-025,Arjun Reddy,February-2026,21,22,Inbound,193.3,5.0,100.0,Resolved
AGT-011,David Chang,February-2026,1,9,Inbound,247.7,3.0,74.2,Unresolved
AGT-005,Rahul Chang,June-2026,14,4,Inbound,343.0,4.0,82.9,Unresolved
AGT-018,Sarah Iyer,July-2026,9,28,INBOUND,158.7,5.0,82.1,Resolved
AGT-007,Rahul Iyer,June-2026,22,28,Inbound,191.8,4.1,100.0,Resolved
AGT-013,Rahul Wilson,May-2026,1,25,Inbound,258.1,5.0,94.0,Resolved
AGT-011, David Chang ,July-2026,2,14,Inbound,,5.0,84.5,Resolved
AGT-023,Michael Wilson,April-2026,7,19,Inbound,241.9,4.8,100.0,Resolved
AGT-004,Priya Nair,March-2026,24,5,Inbound,319.8,,75.4,Unresolved
AGT-002,Arjun Sharma,June-2026,9,23,Inbound,258.9,4.7,96.1,Resolved
AGT-025,Arjun Reddy,March-2026,19,23,Inbound,319.2,5.0,86.4,Resolved
AGT-005,Rahul Chang,May-2026,8,3,Inbound,292.5,3.4,83.6,Resolved
AGT-003,Sarah Reddy,July-2026,5,27,Inbound,275.0,4.6,77.1,Resolved
AGT-002,Arjun Sharma,May-2026,21,22,Inbound,262.5,5.0,94.4,Resolved
AGT-009,Arjun Sharma,June-2026,23,6,Inbound,277.7,2.9,68.7,Pending
AGT-025,Arjun Reddy,July-2026,24,27,Inbound,299.8,5.0,100.0,Escalated
AGT-013,Rahul Wilson,February-2026,8,22,Inbound,265.7,4.1,100.0,Resolved
AGT-018,Sarah Iyer,July-2026,16,28,Inbound,296.0,5.0,84.5,Resolved
AGT-007,Rahul Iyer,May-2026,11,27,Inbound,315.9,5.0,92.0,Resolved
AGT-015,Arjun Nair,July-2026,17,14,Inbound,270.1,4.5,100.0,Resolved
AGT-007,Rahul Iyer,June-2026,4,28,Inbound,252.7,5.0,89.1,Resolved
AGT-012, Kavya Jenkins ,February-2026,9,16,Inbound,258.5,4.6,88.1,Unresolved
AGT-014,Priya Iyer,May-2026,25,21,Inbound,335.3,5.0,100.0,Resolved
AGT-008,Kavya Gupta,April-2026,20,10,Inbound,284.6,3.7,,Pending
AGT-005,Rahul Chang,March-2026,16,1,Inbound,270.2,,78.2,Resolved
AGT-001,Arjun Jenkins,April-2026,7,18,Inbound,216.7,5.0,90.1,Resolved
AGT-017,Neha Sharma,June-2026,25,4,INBOUND,,3.5,63.9,Unresolved
AGT-009,Arjun Sharma,May-2026,8,5,Inbound,249.0,3.3,78.3,Escalated
AGT-007,Rahul Iyer,March-2026,24,25,Inbound,301.5,5.0,88.4,Resolved
AGT-024,James Reddy,July-2026,3,9,Inbound,339.1,2.5,79.6,Unresolved
AGT-006,Arjun Nair,March-2026,8,19,Inbound,248.5,4.5,82.5,Resolved
AGT-021,Ananya Gupta,June-2026,20,13,Inbound,264.4,3.9,74.1,Resolved
AGT-005,Rahul Chang,April-2026,10,2,Inbound,348.8,3.3,58.5,Unresolved
AGT-010,James Iyer,June-2026,21,10,Inbound,246.9,3.5,84.0,Resolved
AGT-022,Michael Iyer,June-2026,14,23,Inbound,265.8,5.0,100.0,Unresolved
AGT-004,Priya Nair,May-2026,18,7,Inbound,322.6,4.3,77.7,Resolved
AGT-012,Kavya Jenkins,March-2026,14,17,Inbound,278.3,5.0,94.6,Resolved
AGT-004,Priya Nair,May-2026,22,7,Inbound,,3.6,63.5,Resolved
AGT-024, James Reddy ,February-2026,1,4,Inbound,334.9,2.7,50.0,Pending
AGT-017,Neha Sharma,April-2026,9,2,Inbound,355.5,3.9,83.0,Resolved
AGT-015,Arjun Nair,February-2026,1,9,Inbound,312.2,4.8,,Escalated
AGT-014,Priya Iyer,July-2026,5,23,Inbound,251.0,5.0,94.7,Resolved
AGT-022,Michael Iyer,February-2026,4,19,Inbound,189.0,5.0,93.7,Resolved
AGT-011,David Chang,July-2026,22,14,Inbound,250.0,4.0,96.2,Pending
AGT-023,Michael Wilson,February-2026,4,17,INBOUND,256.9,4.6,90.3,Pending
AGT-021,Ananya Gupta,February-2026,25,9,Inbound,309.4,4.2,81.5,Resolved
AGT-009,Arjun Sharma,February-2026,18,2,Inbound,365.7,2.1,62.9,Resolved
AGT-019,Kavya Gupta,May-2026,8,26,Inbound,220.8,4.7,94.6,Resolved
AGT-006,Arjun Nair,June-2026,25,22,Inbound,287.3,,100.0,Resolved
AGT-016,Ananya Verma,February-2026,7,17,Inbound,160.2,5.0,89.9,Resolved
AGT-024,James Reddy,July-2026,20,9,Inbound,252.3,4.3,77.9,Resolved
AGT-006,Arjun Nair,March-2026,22,19,Inbound,285.2,3.4,100.0,Resolved
AGT-019,Kavya Gupta,March-2026,17,24,INBOUND,244.6,4.4,100.0,Resolved
AGT-025,Arjun Reddy,May-2026,14,25,Inbound,288.0,5.0,99.1,Resolved
AGT-016,Ananya Verma,May-2026,18,20,Inbound,329.3,5.0,98.8,Resolved
AGT-010,James Iyer,April-2026,20,8,Inbound,286.0,3.7,91.1,Pending
AGT-003,Sarah Reddy,June-2026,11,26,Inbound,262.0,4.8,89.6,Resolved
AGT-025,Arjun Reddy,March-2026,18,23,Inbound,203.6,4.8,89.7,Escalated
AGT-005,Rahul Chang,June-2026,1,4,Inbound,366.6,3.0,64.6,Resolved
AGT-003,Sarah Reddy,April-2026,15,24,Inbound,273.1,5.0,100.0,Pending
AGT-017,Neha Sharma,March-2026,1,1,Inbound,317.3,3.2,71.6,Pending
AGT-014,Priya Iyer,February-2026,24,18,Inbound,234.9,4.5,94.8,Escalated
AGT-021,Ananya Gupta,March-2026,2,10,Inbound,257.5,4.1,74.3,Resolved
AGT-014,Priya Iyer,May-2026,22,21,Inbound,292.9,5.0,88.4,Escalated
AGT-015,Arjun Nair,July-2026,13,14,Inbound,310.0,4.4,97.9,Resolved
AGT-007,Rahul Iyer,April-2026,14,26,Inbound,253.8,3.5,98.3,Escalated
AGT-012,Kavya Jenkins,March-2026,21,17,Inbound,268.6,5.0,89.2,Resolved
AGT-003,Sarah Reddy,April-2026,9,24,Inbound,295.0,3.5,81.5,Resolved
AGT-005,Rahul Chang,July-2026,22,5,Inbound,246.4,3.8,81.7,Escalated
AGT-012,Kavya Jenkins,July-2026,11,21,Inbound,285.4,4.6,100.0,Resolved
AGT-024,James Reddy,February-2026,7,4,Inbound,330.0,4.0,69.4,Unresolved
AGT-011,David Chang,April-2026,10,11,Inbound,310.9,4.0,81.7,Resolved
AGT-007,Rahul Iyer,July-2026,1,29,Inbound,232.6,4.8,93.1,Resolved
AGT-018,Sarah Iyer,June-2026,11,27,Inbound,274.1,5.0,95.9,Resolved
AGT-003,Sarah Reddy,June-2026,6,26,Inbound,292.7,5.0,96.1,Resolved
AGT-012,Kavya Jenkins,March-2026,26,17,Inbound,213.9,4.1,85.8,Resolved
AGT-025,Arjun Reddy,March-2026,9,23,Inbound,238.1,4.3,84.8,Resolved
AGT-020,Rahul Sharma,June-2026,9,13,Inbound,266.1,4.1,90.8,Resolved
AGT-017,Neha Sharma,March-2026,20,1,Inbound,275.7,3.2,63.3,Pending
AGT-001,Arjun Jenkins,May-2026,12,19,Inbound,222.3,4.7,88.4,Pending
AGT-006,Arjun Nair,June-2026,22,22,INBOUND,226.1,5.0,85.7,Resolved
AGT-009,Arjun Sharma,February-2026,19,2,Inbound,303.8,3.1,63.2,Pending
AGT-021,Ananya Gupta,May-2026,15,12,Inbound,315.8,3.5,92.5,Pending
AGT-021,Ananya Gupta,May-2026,1,12,INBOUND,197.5,4.0,74.0,Pending
AGT-019,Kavya Gupta,July-2026,3,28,Inbound,264.9,5.0,100.0,Escalated
AGT-002,Arjun Sharma,July-2026,14,24,Inbound,215.8,4.6,95.1,Resolved
AGT-003,Sarah Reddy,March-2026,18,23,Inbound,253.3,5.0,96.4,Escalated
AGT-002,Arjun Sharma,June-2026,8,23,Inbound,248.7,4.3,99.8,Escalated
AGT-019,Kavya Gupta,April-2026,17,25,Inbound,234.1,5.0,86.7,Resolved
AGT-003,Sarah Reddy,May-2026,9,25,Inbound,255.8,5.0,100.0,Resolved
AGT-015,Arjun Nair,April-2026,11,11,Inbound,369.1,3.3,100.0,Resolved
AGT-013,Rahul Wilson,July-2026,22,27,Inbound,227.3,3.1,96.4,Resolved
AGT-006,Arjun Nair,March-2026,25,19,Inbound,242.0,4.6,100.0,Unresolved
AGT-007,Rahul Iyer,April-2026,25,26,Inbound,213.5,4.6,100.0,Escalated
AGT-004,Priya Nair,April-2026,24,6,Inbound,379.3,3.7,66.4,Resolved
AGT-014, Priya Iyer ,June-2026,17,22,Inbound,198.2,4.9,85.6,Resolved
AGT-005,Rahul Chang,July-2026,3,5,Inbound,244.8,2.8,72.0,Resolved
AGT-003,Sarah Reddy,March-2026,9,23,Inbound,255.4,4.3,100.0,Resolved
AGT-010,James Iyer,June-2026,16,10,Inbound,180.8,3.2,87.6,Escalated
AGT-004,Priya Nair,July-2026,2,9,Inbound,282.8,3.5,76.1,Escalated
AGT-014,Priya Iyer,March-2026,2,19,Inbound,216.0,3.4,100.0,Resolved
AGT-017,Neha Sharma,July-2026,17,5,Inbound,291.8,3.8,69.4,Escalated
AGT-018,Sarah Iyer,February-2026,4,23,Inbound,,4.7,93.7,Resolved
AGT-008,Kavya Gupta,July-2026,20,13,Inbound,335.8,4.9,86.5,Resolved
AGT-008,Kavya Gupta,February-2026,15,8,Inbound,314.1,3.2,72.7,Escalated
AGT-003,Sarah Reddy,July-2026,26,27,Inbound,346.3,4.3,90.5,Resolved
AGT-022,Michael Iyer,May-2026,6,22,Inbound,255.6,4.3,86.3,Resolved
AGT-022,Michael Iyer,April-2026,1,21,Inbound,261.4,4.4,96.3,Resolved
AGT-023,Michael Wilson,March-2026,15,18,Inbound,243.0,5.0,96.0,Resolved
AGT-018,Sarah Iyer,March-2026,1,24,Inbound,251.0,5.0,87.4,Resolved
AGT-017,Neha Sharma,May-2026,14,3,Inbound,333.5,3.9,68.7,Escalated
AGT-015,Arjun Nair,June-2026,2,13,Inbound,292.6,3.6,74.3,Resolved
AGT-008,Kavya Gupta,March-2026,22,9,Inbound,298.6,4.0,91.1,Resolved
AGT-016,Ananya Verma,April-2026,10,19,Inbound,218.6,5.0,89.4,Resolved
AGT-006,Arjun Nair,March-2026,15,19,Inbound,271.7,4.5,84.0,Resolved
AGT-017,Neha Sharma,June-2026,18,4,Inbound,300.0,3.8,72.6,Resolved
AGT-007,Rahul Iyer,April-2026,12,26,Inbound,218.0,4.5,80.9,Resolved
AGT-009,Arjun Sharma,July-2026,14,7,Inbound,282.8,3.6,84.8,Pending
AGT-001,Arjun Jenkins,June-2026,9,20,Inbound,218.7,3.5,,Unresolved
AGT-008,Kavya Gupta,June-2026,6,12,Inbound,275.0,4.0,81.9,Resolved
AGT-001,Arjun Jenkins,February-2026,16,16,Inbound,207.5,4.3,77.3,Resolved
AGT-024,James Reddy,March-2026,12,5,Inbound,348.5,3.4,61.3,Pending
AGT-006,Arjun Nair,April-2026,1,20,Inbound,249.4,4.4,100.0,Resolved
AGT-023,Michael Wilson,June-2026,17,21,Inbound,292.2,5.0,100.0,Unresolved
AGT-024,James Reddy,June-2026,21,8,Inbound,292.5,3.2,80.7,Resolved
AGT-010,James Iyer,April-2026,3,8,Inbound,345.3,3.5,68.1,Escalated
AGT-014,Priya Iyer,July-2026,4,23,Inbound,,4.4,97.4,Resolved
AGT-024, James Reddy ,April-2026,9,6,Inbound,262.6,2.4,82.6,Unresolved
AGT-008,Kavya Gupta,June-2026,9,12,Inbound,259.1,5.0,94.3,Resolved
AGT-023,Michael Wilson,February-2026,14,17,Inbound,246.9,5.0,86.0,Resolved
AGT-010,James Iyer,March-2026,4,7,Inbound,285.0,3.4,87.2,Resolved
AGT-003,Sarah Reddy,April-2026,16,24,Inbound,245.9,4.7,83.6,Resolved
AGT-010,James Iyer,June-2026,18,10,Inbound,230.6,3.2,79.8,Resolved
AGT-023,Michael Wilson,February-2026,20,17,Inbound,297.6,3.6,87.2,Resolved
AGT-009,Arjun Sharma,May-2026,21,5,Inbound,329.1,3.4,78.3,Resolved
AGT-023,Michael Wilson,April-2026,23,19,Inbound,295.2,5.0,100.0,Resolved
AGT-007,Rahul Iyer,April-2026,6,26,Inbound,284.1,3.6,83.6,Resolved
AGT-023,Michael Wilson,May-2026,24,20,Inbound,268.9,4.6,94.6,Resolved
AGT-006,Arjun Nair,June-2026,26,22,Inbound,225.6,5.0,80.3,Resolved
AGT-016,Ananya Verma,February-2026,24,17,INBOUND,345.3,5.0,96.5,Resolved
AGT-016,Ananya Verma,March-2026,1,18,Inbound,252.6,5.0,81.0,Resolved
AGT-014,Priya Iyer,March-2026,14,19,Inbound,245.1,4.0,100.0,Resolved
AGT-008,Kavya Gupta,April-2026,1,10,Inbound,282.5,2.8,73.3,Resolved
AGT-024,James Reddy,April-2026,15,6,Inbound,280.8,4.8,69.4,Escalated
AGT-025,Arjun Reddy,June-2026,13,26,Inbound,225.7,4.3,91.4,Escalated
AGT-007,Rahul Iyer,March-2026,1,25,Inbound,230.2,3.8,100.0,Resolved
AGT-011,David Chang,April-2026,4,11,Inbound,304.3,2.8,81.0,Resolved
AGT-001,Arjun Jenkins,March-2026,21,17,Inbound,208.1,4.8,100.0,Resolved
AGT-014,Priya Iyer,March-2026,3,19,Inbound,273.6,4.8,98.1,Resolved
AGT-005,Rahul Chang,April-2026,15,2,Inbound,253.5,2.6,83.8,Resolved
AGT-014,Priya Iyer,May-2026,13,21,Inbound,248.1,4.1,92.3,Resolved
AGT-015,Arjun Nair,May-2026,16,12,Inbound,225.7,4.7,91.2,Resolved
AGT-019,Kavya Gupta,July-2026,14,28,Inbound,230.9,5.0,84.3,Resolved
AGT-011,David Chang,June-2026,7,13,Inbound,318.3,5.0,81.4,Resolved
AGT-002,Arjun Sharma,June-2026,11,23,Inbound,224.1,4.2,,Resolved
AGT-006, Arjun Nair ,February-2026,7,18,Inbound,178.3,4.5,,Resolved
AGT-007,Rahul Iyer,April-2026,13,26,Inbound,183.0,4.8,90.4,Resolved
AGT-013,Rahul Wilson,May-2026,18,25,Inbound,266.5,5.0,97.0,Resolved
AGT-001,Arjun Jenkins,May-2026,22,19,Inbound,238.3,5.0,96.2,Resolved
AGT-010,James Iyer,February-2026,25,6,Inbound,237.4,3.7,80.5,Unresolved
AGT-015,Arjun Nair,June-2026,24,13,Inbound,264.4,4.0,91.1,Resolved
AGT-012,Kavya Jenkins,July-2026,14,21,Inbound,296.6,4.8,90.9,Escalated
AGT-015,Arjun Nair,July-2026,6,14,Inbound,314.7,4.4,89.8,Unresolved
AGT-005,Rahul Chang,June-2026,11,4,Inbound,224.2,3.4,71.0,Resolved
AGT-006,Arjun Nair,May-2026,9,21,Inbound,181.4,4.7,90.9,Resolved
AGT-017,Neha Sharma,April-2026,15,2,Inbound,313.9,4.6,74.6,Escalated
AGT-009,Arjun Sharma,May-2026,20,5,Inbound,412.5,2.7,66.5,Pending
AGT-018,Sarah Iyer,April-2026,18,25,Inbound,240.5,4.7,98.4,Resolved
AGT-010,James Iyer,February-2026,17,6,Inbound,315.2,3.2,89.9,Resolved
AGT-021,Ananya Gupta,March-2026,26,10,Inbound,353.1,3.1,80.5,Pending
AGT-006,Arjun Nair,May-2026,15,21,Inbound,204.0,5.0,98.5,Resolved
AGT-011,David Chang,May-2026,15,12,Inbound,261.2,4.1,89.4,Resolved
AGT-018,Sarah Iyer,February-2026,8,23,Inbound,250.1,4.8,99.5,Resolved
AGT-014,Priya Iyer,July-2026,23,23,Inbound,281.5,3.9,100.0,Resolved
AGT-013,Rahul Wilson,July-2026,6,27,Inbound,275.6,5.0,84.8,Unresolved
AGT-023,Michael Wilson,June-2026,9,21,INBOUND,258.9,4.3,95.3,Resolved
AGT-017,Neha Sharma,March-2026,26,1,Inbound,309.4,3.1,71.0,Unresolved
AGT-016, Ananya Verma ,May-2026,4,20,Inbound,178.2,4.4,100.0,Resolved
AGT-016,Ananya Verma,June-2026,14,21,Inbound,266.1,5.0,67.7,Resolved
AGT-025,Arjun Reddy,May-2026,22,25,Inbound,226.2,4.6,91.2,Resolved
AGT-022,Michael Iyer,June-2026,11,23,Inbound,234.2,4.7,100.0,Resolved
AGT-001,Arjun Jenkins,April-2026,12,18,Inbound,147.5,,81.2,Resolved
AGT-023,Michael Wilson,April-2026,15,19,Inbound,274.8,4.3,91.0,Resolved
AGT-021,Ananya Gupta,February-2026,20,9,Inbound,319.8,3.7,82.0,Pending
AGT-021,Ananya Gupta,March-2026,5,10,Inbound,275.8,3.3,89.0,Unresolved
AGT-012,Kavya Jenkins,February-2026,14,16,Inbound,275.2,5.0,92.2,Unresolved
AGT-011,David Chang,July-2026,14,14,Inbound,241.2,4.6,92.8,Resolved
AGT-001,Arjun Jenkins,May-2026,16,19,Inbound,274.8,5.0,100.0,Resolved
AGT-005,Rahul Chang,March-2026,14,1,Inbound,274.9,3.8,51.2,Unresolved
AGT-002,Arjun Sharma,April-2026,16,21,Inbound,172.0,4.5,90.5,Resolved
AGT-016,Ananya Verma,February-2026,5,17,Inbound,260.7,4.5,80.8,Resolved
AGT-013,Rahul Wilson,June-2026,26,26,Inbound,213.1,5.0,100.0,Resolved
AGT-016,Ananya Verma,May-2026,22,20,Inbound,249.0,3.7,100.0,Resolved
AGT-022,Michael Iyer,June-2026,9,23,Inbound,278.6,5.0,79.3,Pending
AGT-017,Neha Sharma,February-2026,8,0,Inbound,321.8,3.5,55.4,Escalated
AGT-025,Arjun Reddy,February-2026,7,22,Inbound,219.7,5.0,100.0,Resolved
AGT-016,Ananya Verma,May-2026,24,20,Inbound,282.7,4.4,91.5,Resolved
AGT-006,Arjun Nair,March-2026,24,19,Inbound,221.8,5.0,98.4,Resolved
AGT-018,Sarah Iyer,March-2026,8,24,Inbound,,3.2,100.0,Resolved
AGT-002,Arjun Sharma,May-2026,9,22,Inbound,269.4,5.0,97.8,Pending
AGT-004,Priya Nair,February-2026,6,4,Inbound,304.0,4.9,80.8,Resolved
AGT-018,Sarah Iyer,May-2026,13,26,Inbound,291.5,3.5,97.3,Resolved
AGT-024,James Reddy,July-2026,6,9,Inbound,271.1,4.1,73.2,Resolved
AGT-018,Sarah Iyer,July-2026,20,28,Inbound,247.8,5.0,88.3,Escalated
AGT-002,Arjun Sharma,July-2026,2,24,Inbound,238.2,5.0,98.3,Resolved
AGT-013,Rahul Wilson,February-2026,16,22,Inbound,225.4,4.5,94.8,Resolved
AGT-007,Rahul Iyer,February-2026,17,24,Inbound,178.3,4.7,90.2,Resolved
AGT-019,Kavya Gupta,July-2026,8,28,Inbound,192.3,5.0,88.3,Resolved
AGT-017,Neha Sharma,July-2026,19,5,Inbound,358.0,3.9,69.4,Resolved
AGT-007,Rahul Iyer,July-2026,13,29,Inbound,240.8,5.0,100.0,Resolved
AGT-018,Sarah Iyer,June-2026,6,27,Inbound,230.0,5.0,100.0,Resolved
AGT-014,Priya Iyer,June-2026,10,22,Inbound,242.6,4.4,100.0,Resolved
AGT-010, James Iyer ,April-2026,7,8,Inbound,252.6,3.7,81.1,Resolved
AGT-016,Ananya Verma,February-2026,13,17,Inbound,209.6,3.8,92.8,Resolved
AGT-010,James Iyer,May-2026,17,9,Inbound,307.1,4.9,79.3,Resolved
AGT-004,Priya Nair,April-2026,5,6,Inbound,265.3,4.2,62.0,Resolved
AGT-024,James Reddy,June-2026,22,8,Inbound,301.6,3.0,71.8,Resolved
AGT-002,Arjun Sharma,May-2026,23,22,Inbound,252.6,5.0,98.2,Resolved
AGT-024,James Reddy,May-2026,8,7,Inbound,266.6,3.9,76.8,Escalated
AGT-022,Michael Iyer,February-2026,1,19,Inbound,237.5,4.9,93.1,Unresolved
AGT-017,Neha Sharma,February-2026,14,0,Inbound,274.8,3.5,52.8,Unresolved
AGT-009,Arjun Sharma,July-2026,18,7,Inbound,319.9,3.5,81.6,Resolved
AGT-016,Ananya Verma,April-2026,4,19,Inbound,294.9,4.4,93.1,Pending
AGT-002,Arjun Sharma,June-2026,23,23,Inbound,187.6,5.0,99.9,Pending
AGT-002,Arjun Sharma,June-2026,10,23,Inbound,251.9,4.0,100.0,Resolved
AGT-020,Rahul Sharma,March-2026,17,10,INBOUND,,4.1,87.9,Resolved
AGT-022,Michael Iyer,July-2026,15,24,Inbound,224.7,4.7,83.2,Resolved
AGT-003,Sarah Reddy,March-2026,13,23,Inbound,286.4,4.6,99.0,Unresolved
AGT-025,Arjun Reddy,February-2026,19,22,Inbound,289.3,5.0,88.2,Resolved
AGT-022,Michael Iyer,February-2026,25,19,Inbound,299.1,3.5,89.6,Resolved
AGT-012,Kavya Jenkins,July-2026,25,21,Inbound,201.2,5.0,78.9,Resolved
AGT-023,Michael Wilson,May-2026,14,20,Inbound,233.1,3.8,97.1,Resolved
AGT-012,Kavya Jenkins,July-2026,16,21,Inbound,293.5,5.0,100.0,Escalated
AGT-023,Michael Wilson,March-2026,2,18,Inbound,285.0,4.4,100.0,Resolved
AGT-012,Kavya Jenkins,April-2026,20,18,Inbound,235.5,5.0,92.8,Resolved
AGT-009,Arjun Sharma,February-2026,10,2,Inbound,287.1,1.7,76.7,Pending
AGT-015,Arjun Nair,March-2026,12,10,Inbound,247.9,4.3,85.4,Resolved
AGT-016,Ananya Verma,April-2026,15,19,Inbound,289.4,4.4,99.0,Resolved
AGT-016,Ananya Verma,July-2026,25,22,Inbound,224.0,4.9,86.1,Pending
AGT-021,Ananya Gupta,May-2026,14,12,Inbound,281.2,4.4,98.6,Resolved
AGT-020,Rahul Sharma,May-2026,11,12,Inbound,317.9,4.0,89.7,Unresolved
AGT-025,Arjun Reddy,February-2026,23,22,Inbound,221.4,5.0,78.2,Resolved
AGT-010,James Iyer,June-2026,4,10,Inbound,299.7,4.2,75.3,Escalated
AGT-014,Priya Iyer,April-2026,4,20,Inbound,209.0,3.3,98.6,Resolved
AGT-003,Sarah Reddy,February-2026,13,22,INBOUND,255.6,3.2,84.7,Resolved
AGT-021,Ananya Gupta,June-2026,1,13,Inbound,227.9,5.0,96.7,Resolved
AGT-025,Arjun Reddy,February-2026,1,22,Inbound,235.7,3.9,81.7,Resolved
AGT-009,Arjun Sharma,July-2026,12,7,Inbound,286.6,4.5,76.6,Resolved
AGT-023,Michael Wilson,July-2026,19,22,Inbound,299.7,5.0,92.9,Resolved
AGT-019,Kavya Gupta,March-2026,16,24,Inbound,226.2,5.0,100.0,Resolved
AGT-012,Kavya Jenkins,July-2026,7,21,Inbound,259.0,4.2,96.3,Resolved
AGT-005,Rahul Chang,February-2026,26,0,INBOUND,302.1,3.2,55.0,Escalated
AGT-022,Michael Iyer,May-2026,22,22,Inbound,252.7,5.0,99.6,Unresolved
AGT-007,Rahul Iyer,July-2026,7,29,INBOUND,223.7,4.3,86.7,Resolved
AGT-020,Rahul Sharma,June-2026,5,13,Inbound,214.0,3.6,85.4,Resolved
AGT-022, Michael Iyer ,May-2026,26,22,Inbound,154.1,5.0,93.2,Resolved
AGT-009,Arjun Sharma,June-2026,4,6,Inbound,255.5,2.7,80.4,Resolved
AGT-017,Neha Sharma,February-2026,24,0,Inbound,359.3,3.5,66.2,Escalated
AGT-021,Ananya Gupta,June-2026,15,13,Inbound,279.7,5.0,96.3,Unresolved
AGT-001,Arjun Jenkins,February-2026,19,16,Inbound,207.6,3.4,78.4,Resolved
AGT-018,Sarah Iyer,March-2026,20,24,Inbound,289.2,3.9,88.3,Escalated
AGT-023,Michael Wilson,April-2026,11,19,Inbound,226.5,3.8,100.0,Resolved
AGT-018,Sarah Iyer,April-2026,22,25,Inbound,263.9,5.0,94.5,Resolved
AGT-017,Neha Sharma,June-2026,3,4,Inbound,282.4,3.7,92.7,Pending
AGT-022,Michael Iyer,April-2026,4,21,Inbound,185.6,4.7,95.5,Resolved
AGT-008,Kavya Gupta,February-2026,13,8,Inbound,,4.2,77.8,Resolved
AGT-004,Priya Nair,February-2026,18,4,Inbound,351.5,3.4,85.2,Resolved
AGT-003,Sarah Reddy,April-2026,2,24,Inbound,297.8,5.0,92.3,Resolved
AGT-018,Sarah Iyer,July-2026,12,28,Inbound,248.8,3.5,86.1,Pending
AGT-004,Priya Nair,July-2026,18,9,Inbound,298.6,5.0,78.0,Resolved
AGT-021,Ananya Gupta,July-2026,5,14,Inbound,308.0,3.3,98.7,Unresolved
AGT-004,Priya Nair,April-2026,7,6,Inbound,252.8,,58.9,Escalated
AGT-022,Michael Iyer,March-2026,20,20,Inbound,266.7,5.0,93.7,Resolved
AGT-022, Michael Iyer ,March-2026,6,20,Inbound,328.5,4.9,90.5,Escalated
AGT-015,Arjun Nair,May-2026,25,12,INBOUND,281.2,4.2,93.6,Resolved
AGT-025,Arjun Reddy,July-2026,17,27,Inbound,297.9,5.0,100.0,Resolved
AGT-004,Priya Nair,May-2026,12,7,INBOUND,325.6,4.0,88.4,Resolved
AGT-025,Arjun Reddy,April-2026,20,24,Inbound,238.6,4.9,100.0,Resolved
AGT-006,Arjun Nair,July-2026,21,23,Inbound,250.5,4.6,96.7,Resolved
AGT-020,Rahul Sharma,July-2026,14,14,Inbound,266.1,3.7,83.0,Resolved
AGT-009,Arjun Sharma,June-2026,26,6,INBOUND,246.4,,62.5,Escalated
AGT-004,Priya Nair,May-2026,13,7,Inbound,312.7,3.7,71.0,Resolved
AGT-012,Kavya Jenkins,May-2026,22,19,Inbound,273.4,4.9,93.5,Resolved
AGT-006,Arjun Nair,June-2026,8,22,Inbound,251.0,5.0,95.3,Resolved
AGT-017,Neha Sharma,June-2026,4,4,Inbound,,4.0,77.3,Resolved
AGT-021, Ananya Gupta ,May-2026,20,12,Inbound,264.6,3.4,95.3,Pending
AGT-016,Ananya Verma,June-2026,2,21,Inbound,244.9,4.4,87.9,Resolved
AGT-019,Kavya Gupta,May-2026,1,26,Inbound,160.8,3.1,95.3,Resolved
AGT-019,Kavya Gupta,February-2026,23,23,Inbound,243.6,5.0,100.0,Resolved
AGT-013,Rahul Wilson,March-2026,9,23,Inbound,196.5,4.8,94.3,Resolved
AGT-008,Kavya Gupta,March-2026,14,9,Inbound,246.3,3.8,78.7,Resolved
AGT-021,Ananya Gupta,February-2026,8,9,Inbound,332.0,,79.1,Pending
AGT-016,Ananya Verma,July-2026,4,22,Inbound,254.7,4.5,91.7,Unresolved
AGT-012,Kavya Jenkins,April-2026,13,18,Inbound,,5.0,80.7,Resolved
AGT-002,Arjun Sharma,February-2026,9,19,Inbound,300.1,3.0,93.5,Resolved
AGT-024,James Reddy,March-2026,17,5,Inbound,240.2,3.7,89.3,Resolved
AGT-003,Sarah Reddy,July-2026,11,27,Inbound,284.4,3.4,99.6,Resolved
AGT-023,Michael Wilson,June-2026,20,21,Inbound,285.4,5.0,91.2,Resolved
AGT-007,Rahul Iyer,May-2026,19,27,Inbound,311.2,4.8,94.9,Pending
AGT-023,Michael Wilson,June-2026,26,21,Inbound,227.2,5.0,100.0,Resolved
AGT-006,Arjun Nair,March-2026,26,19,Inbound,267.3,4.9,90.4,Resolved
AGT-004,Priya Nair,March-2026,3,5,Inbound,249.5,4.7,72.4,Resolved
AGT-009,Arjun Sharma,April-2026,20,4,Inbound,323.3,2.7,79.3,Unresolved
AGT-001,Arjun Jenkins,February-2026,22,16,Inbound,260.4,4.9,87.6,Resolved
AGT-017,Neha Sharma,April-2026,10,2,Inbound,318.6,4.0,82.3,Pending
AGT-005,Rahul Chang,March-2026,24,1,Inbound,352.8,3.0,59.5,Escalated
AGT-010,James Iyer,March-2026,18,7,Inbound,282.7,2.3,78.2,Pending
AGT-013,Rahul Wilson,May-2026,24,25,Inbound,271.2,,99.6,Pending
AGT-005,Rahul Chang,May-2026,10,3,Inbound,319.2,2.8,62.7,Pending
AGT-020,Rahul Sharma,April-2026,1,11,Inbound,238.3,3.9,76.7,Resolved
AGT-018,Sarah Iyer,April-2026,16,25,Inbound,278.5,4.9,86.3,Pending
AGT-002,Arjun Sharma,April-2026,19,21,Inbound,217.3,4.0,96.9,Escalated
AGT-014,Priya Iyer,May-2026,1,21,Inbound,286.7,4.0,100.0,Escalated
AGT-024,James Reddy,July-2026,1,9,Inbound,346.4,3.9,99.5,Unresolved
AGT-004,Priya Nair,July-2026,15,9,Inbound,352.3,3.4,82.0,Resolved
AGT-020,Rahul Sharma,June-2026,13,13,Inbound,318.0,3.6,87.1,Escalated
AGT-013,Rahul Wilson,July-2026,5,27,Inbound,,3.8,99.8,Resolved
AGT-008,Kavya Gupta,March-2026,17,9,INBOUND,250.7,3.3,95.6,Pending
AGT-025,Arjun Reddy,March-2026,17,23,Inbound,312.4,5.0,100.0,Resolved
AGT-016,Ananya Verma,July-2026,18,22,Inbound,224.5,4.5,,Resolved
AGT-007, Rahul Iyer ,July-2026,23,29,INBOUND,313.4,5.0,80.5,Resolved
AGT-012,Kavya Jenkins,June-2026,16,20,Inbound,220.7,4.7,100.0,Unresolved
AGT-002,Arjun Sharma,July-2026,9,24,INBOUND,221.0,4.9,94.0,Pending
AGT-013,Rahul Wilson,February-2026,5,22,Inbound,270.8,5.0,97.5,Resolved
AGT-005,Rahul Chang,June-2026,5,4,Inbound,345.1,2.6,55.2,Resolved
AGT-004,Priya Nair,February-2026,9,4,Inbound,316.8,3.7,73.9,Pending
AGT-015,Arjun Nair,March-2026,22,10,Inbound,247.4,4.4,91.9,Resolved
AGT-006,Arjun Nair,July-2026,16,23,Inbound,309.1,5.0,88.0,Resolved
AGT-016,Ananya Verma,July-2026,22,22,Inbound,206.7,5.0,100.0,Resolved
AGT-010,James Iyer,February-2026,5,6,Inbound,319.8,2.9,68.8,Resolved
AGT-011,David Chang,May-2026,25,12,Inbound,271.1,3.6,94.0,Escalated
AGT-006,Arjun Nair,February-2026,19,18,Inbound,330.2,4.9,96.0,Escalated
AGT-015,Arjun Nair,April-2026,10,11,Inbound,240.4,3.1,79.6,Unresolved
AGT-002,Arjun Sharma,March-2026,13,20,Inbound,255.4,4.6,99.5,Pending
AGT-013,Rahul Wilson,March-2026,26,23,Inbound,311.3,4.9,100.0,Resolved
AGT-003,Sarah Reddy,June-2026,9,26,Inbound,153.1,5.0,90.5,Resolved
AGT-020,Rahul Sharma,February-2026,14,9,Inbound,314.9,4.2,85.0,Resolved
AGT-004,Priya Nair,May-2026,15,7,Inbound,298.0,2.7,87.1,Escalated
AGT-012,Kavya Jenkins,March-2026,20,17,Inbound,271.2,4.4,88.6,Resolved
AGT-008,Kavya Gupta,July-2026,10,13,Inbound,294.4,3.7,89.9,Unresolved
AGT-018,Sarah Iyer,February-2026,13,23,Inbound,233.4,4.4,100.0,Resolved
AGT-023,Michael Wilson,July-2026,11,22,Inbound,268.3,4.4,78.3,Resolved
AGT-019,Kavya Gupta,April-2026,5,25,Inbound,303.2,5.0,100.0,Resolved
AGT-011,David Chang,February-2026,10,9,Inbound,338.6,3.8,76.3,Pending
AGT-008,Kavya Gupta,July-2026,19,13,Inbound,263.7,4.2,79.3,Resolved
AGT-002,Arjun Sharma,February-2026,20,19,INBOUND,144.0,,84.9,Resolved
AGT-022,Michael Iyer,March-2026,25,20,Inbound,306.4,4.6,97.8,Resolved
AGT-010,James Iyer,February-2026,18,6,Inbound,331.2,3.0,77.7,Resolved
AGT-012,Kavya Jenkins,February-2026,20,16,Inbound,227.6,4.6,91.3,Escalated
AGT-021,Ananya Gupta,July-2026,21,14,Inbound,224.9,3.7,89.8,Resolved
AGT-005,Rahul Chang,July-2026,11,5,Inbound,197.6,2.9,71.5,Escalated
AGT-005, Rahul Chang ,July-2026,12,5,Inbound,386.2,4.2,,Escalated
AGT-015,Arjun Nair,July-2026,22,14,INBOUND,187.2,3.5,94.4,Unresolved
AGT-024,James Reddy,March-2026,22,5,INBOUND,242.7,4.7,82.9,Resolved
AGT-010,James Iyer,February-2026,20,6,Inbound,248.3,2.8,68.0,Escalated
AGT-007,Rahul Iyer,March-2026,6,25,Inbound,249.5,4.3,100.0,Resolved
AGT-017,Neha Sharma,March-2026,23,1,Inbound,286.1,,50.0,Resolved
AGT-020,Rahul Sharma,April-2026,19,11,Inbound,228.9,4.4,,Resolved
AGT-008,Kavya Gupta,April-2026,21,10,Inbound,326.8,3.6,,Resolved
AGT-020,Rahul Sharma,March-2026,6,10,Inbound,282.5,4.3,78.4,Resolved
AGT-020,Rahul Sharma,May-2026,4,12,Inbound,241.5,4.3,83.7,Resolved
AGT-011,David Chang,July-2026,17,14,Inbound,244.6,4.5,81.3,Resolved
AGT-025,Arjun Reddy,February-2026,25,22,INBOUND,263.8,4.0,100.0,Resolved
AGT-006,Arjun Nair,July-2026,23,23,Inbound,212.2,4.6,100.0,Resolved
AGT-003,Sarah Reddy,February-2026,19,22,Inbound,255.4,4.8,89.6,Resolved
AGT-021,Ananya Gupta,June-2026,23,13,Inbound,315.0,4.8,78.2,Pending
AGT-005,Rahul Chang,June-2026,13,4,Inbound,239.4,2.5,90.2,Escalated
AGT-020,Rahul Sharma,May-2026,25,12,Inbound,226.2,3.8,85.1,Resolved
AGT-018,Sarah Iyer,April-2026,5,25,Inbound,191.9,4.9,83.7,Resolved
AGT-001,Arjun Jenkins,April-2026,21,18,Inbound,310.7,4.6,80.1,Resolved
AGT-016,Ananya Verma,May-2026,9,20,INBOUND,261.3,3.2,88.4,Resolved
AGT-014,Priya Iyer,April-2026,15,20,Inbound,195.5,5.0,94.4,Resolved
AGT-015,Arjun Nair,May-2026,14,12,Inbound,275.0,3.5,74.4,Escalated
AGT-002,Arjun Sharma,February-2026,26,19,Inbound,289.9,4.8,96.1,Resolved
AGT-013, Rahul Wilson ,May-2026,22,25,Inbound,271.4,5.0,78.8,Resolved
AGT-023,Michael Wilson,July-2026,17,22,Inbound,243.7,4.0,87.5,Resolved
AGT-011,David Chang,February-2026,4,9,Inbound,211.9,3.9,83.1,Resolved
AGT-019,Kavya Gupta,May-2026,10,26,Inbound,278.8,3.7,98.4,Escalated
AGT-014,Priya Iyer,February-2026,19,18,Inbound,306.4,3.4,87.1,Resolved
AGT-025,Arjun Reddy,June-2026,6,26,Inbound,299.6,4.4,89.6,Resolved
AGT-015,Arjun Nair,May-2026,1,12,INBOUND,258.3,4.4,83.3,Pending
AGT-007,Rahul Iyer,March-2026,15,25,Inbound,286.1,5.0,,Resolved
AGT-012,Kavya Jenkins,March-2026,18,17,Inbound,237.5,4.9,100.0,Resolved
AGT-007,Rahul Iyer,February-2026,1,24,Inbound,257.5,5.0,81.5,Resolved
AGT-003,Sarah Reddy,June-2026,4,26,Inbound,200.5,4.3,92.2,Unresolved
AGT-016,Ananya Verma,April-2026,6,19,Inbound,,5.0,87.8,Resolved
AGT-001,Arjun Jenkins,April-2026,6,18,Inbound,231.5,5.0,97.2,Resolved
AGT-015,Arjun Nair,March-2026,24,10,Inbound,223.7,5.0,79.4,Unresolved
AGT-005,Rahul Chang,July-2026,13,5,Inbound,377.4,3.3,74.4,Resolved
AGT-005,Rahul Chang,March-2026,13,1,Inbound,331.2,3.3,73.8,Resolved
AGT-004,Priya Nair,April-2026,17,6,Inbound,406.6,4.3,58.3,Resolved
AGT-012,Kavya Jenkins,July-2026,13,21,INBOUND,208.0,3.8,95.6,Resolved
AGT-005,Rahul Chang,February-2026,11,0,Inbound,316.9,2.6,,Pending
AGT-023,Michael Wilson,May-2026,23,20,Inbound,266.5,5.0,100.0,Resolved
AGT-019,Kavya Gupta,July-2026,7,28,Inbound,209.9,5.0,100.0,Resolved
AGT-011,David Chang,June-2026,21,13,Inbound,279.7,4.6,,Resolved
AGT-021,Ananya Gupta,March-2026,17,10,Inbound,259.2,3.8,84.9,Escalated
AGT-023,Michael Wilson,February-2026,18,17,Inbound,191.0,4.7,95.6,Resolved
AGT-017,Neha Sharma,June-2026,1,4,Inbound,323.1,3.5,75.3,Resolved
AGT-001,Arjun Jenkins,March-2026,5,17,Inbound,288.2,3.1,87.3,Resolved
AGT-025,Arjun Reddy,February-2026,8,22,Inbound,180.0,4.3,100.0,Resolved
AGT-017,Neha Sharma,February-2026,17,0,Inbound,374.0,2.4,73.6,Unresolved
AGT-014,Priya Iyer,July-2026,26,23,Inbound,263.2,5.0,,Resolved
AGT-001,Arjun Jenkins,April-2026,5,18,Inbound,295.7,5.0,95.0,Unresolved
AGT-010,James Iyer,July-2026,23,11,Inbound,297.0,3.7,97.9,Resolved
AGT-011,David Chang,February-2026,20,9,Inbound,236.0,4.5,82.6,Resolved
AGT-010,James Iyer,April-2026,11,8,Inbound,267.0,4.1,87.7,Resolved
AGT-008,Kavya Gupta,May-2026,23,11,Inbound,292.5,4.0,87.7,Resolved
AGT-010,James Iyer,March-2026,22,7,Inbound,270.5,2.8,75.2,Resolved
AGT-017, Neha Sharma ,February-2026,2,0,Inbound,351.5,3.8,70.6,Pending
AGT-014,Priya Iyer,March-2026,24,19,Inbound,220.7,4.6,98.8,Resolved
AGT-022,Michael Iyer,May-2026,10,22,Inbound,286.9,4.2,100.0,Resolved
AGT-019,Kavya Gupta,February-2026,3,23,Inbound,281.2,5.0,100.0,Resolved
AGT-015,Arjun Nair,March-2026,4,10,Inbound,343.3,4.1,81.3,Unresolved
AGT-006,Arjun Nair,July-2026,6,23,Inbound,251.9,4.9,,Resolved
AGT-004, Priya Nair ,April-2026,2,6,Inbound,270.8,3.7,75.5,Resolved
AGT-011,David Chang,July-2026,10,14,Inbound,223.6,,89.2,Resolved
AGT-015,Arjun Nair,May-2026,7,12,Inbound,217.1,3.3,83.1,Resolved
AGT-010,James Iyer,April-2026,13,8,Inbound,265.1,4.7,75.5,Unresolved
AGT-010,James Iyer,May-2026,16,9,Inbound,265.9,4.3,83.1,Escalated
AGT-009,Arjun Sharma,February-2026,1,2,Inbound,300.4,3.7,92.7,Escalated
AGT-006,Arjun Nair,June-2026,17,22,Inbound,297.2,4.8,99.8,Resolved
AGT-025,Arjun Reddy,March-2026,14,23,Inbound,308.6,5.0,100.0,Resolved
AGT-008,Kavya Gupta,June-2026,13,12,Inbound,251.7,,91.2,Resolved
AGT-023,Michael Wilson,July-2026,13,22,Inbound,248.6,3.8,91.8,Resolved
AGT-003,Sarah Reddy,March-2026,23,23,Inbound,283.4,5.0,93.2,Resolved
AGT-009,Arjun Sharma,February-2026,6,2,Inbound,271.4,3.8,70.3,Escalated
AGT-008,Kavya Gupta,April-2026,4,10,Inbound,,3.7,88.2,Unresolved
AGT-011, David Chang ,May-2026,1,12,Inbound,289.2,3.7,82.3,Resolved
AGT-008,Kavya Gupta,June-2026,21,12,Inbound,314.1,3.5,94.4,Escalated
AGT-020,Rahul Sharma,May-2026,22,12,Inbound,310.9,4.0,73.2,Unresolved
AGT-022,Michael Iyer,February-2026,23,19,Inbound,269.4,5.0,100.0,Resolved
AGT-020,Rahul Sharma,April-2026,10,11,Inbound,262.9,4.0,82.7,Resolved
AGT-018,Sarah Iyer,April-2026,23,25,Inbound,263.7,4.8,100.0,Resolved
AGT-009,Arjun Sharma,July-2026,8,7,Inbound,289.2,4.9,78.2,Unresolved
AGT-005,Rahul Chang,March-2026,8,1,Inbound,251.4,2.9,71.7,Escalated
AGT-004,Priya Nair,June-2026,23,8,Inbound,258.6,5.0,83.3,Resolved
AGT-008,Kavya Gupta,March-2026,3,9,Inbound,250.2,2.9,75.6,Pending
AGT-017,Neha Sharma,May-2026,19,3,Inbound,310.5,2.0,69.5,Escalated
AGT-017,Neha Sharma,March-2026,25,1,Inbound,330.8,,61.8,Resolved
AGT-010,James Iyer,April-2026,24,8,Inbound,286.4,3.8,78.3,Resolved
AGT-002,Arjun Sharma,April-2026,7,21,Inbound,202.7,3.7,95.4,Escalated
AGT-018,Sarah Iyer,February-2026,7,23,Inbound,287.0,4.2,100.0,Resolved
AGT-002,Arjun Sharma,May-2026,1,22,Inbound,215.6,4.7,96.9,Resolved
AGT-012,Kavya Jenkins,February-2026,2,16,Inbound,283.9,4.2,86.5,Resolved
AGT-002,Arjun Sharma,April-2026,25,21,Inbound,286.1,5.0,87.6,Resolved
AGT-021,Ananya Gupta,February-2026,13,9,Inbound,282.9,3.6,75.9,Unresolved
AGT-013,Rahul Wilson,June-2026,22,26,Inbound,246.2,4.4,91.2,Resolved
AGT-014,Priya Iyer,July-2026,16,23,Inbound,249.5,4.9,73.9,Resolved
AGT-010,James Iyer,June-2026,2,10,Inbound,247.3,,65.5,Pending
AGT-014,Priya Iyer,May-2026,5,21,INBOUND,281.1,4.4,91.2,Resolved
AGT-006,Arjun Nair,June-2026,1,22,Inbound,224.8,5.0,97.7,Resolved
AGT-020,Rahul Sharma,April-2026,23,11,Inbound,306.5,3.4,83.2,Unresolved
AGT-012,Kavya Jenkins,March-2026,12,17,Inbound,278.8,3.1,74.0,Resolved
AGT-019,Kavya Gupta,May-2026,9,26,Inbound,192.3,5.0,98.9,Resolved
AGT-018,Sarah Iyer,April-2026,9,25,Inbound,290.3,5.0,94.6,Resolved
AGT-001,Arjun Jenkins,February-2026,17,16,Inbound,239.1,4.2,86.5,Escalated
AGT-015,Arjun Nair,July-2026,7,14,Inbound,244.6,3.2,91.9,Resolved
AGT-007,Rahul Iyer,May-2026,25,27,Inbound,219.4,4.7,88.9,Resolved
AGT-022,Michael Iyer,May-2026,7,22,Inbound,233.6,3.8,100.0,Resolved
AGT-019,Kavya Gupta,May-2026,12,26,INBOUND,278.0,4.9,100.0,Resolved
AGT-019,Kavya Gupta,June-2026,1,27,Inbound,283.4,5.0,88.4,Resolved
AGT-025,Arjun Reddy,July-2026,10,27,Inbound,194.2,3.6,95.7,Resolved
AGT-017,Neha Sharma,March-2026,14,1,Inbound,354.3,3.4,61.1,Resolved
AGT-016,Ananya Verma,March-2026,17,18,Inbound,240.3,5.0,95.3,Resolved
AGT-010,James Iyer,April-2026,1,8,Inbound,241.1,2.4,79.2,Escalated
AGT-015,Arjun Nair,July-2026,24,14,Inbound,237.7,4.8,84.6,Resolved
AGT-007,Rahul Iyer,June-2026,8,28,Inbound,243.6,3.6,100.0,Resolved
AGT-005,Rahul Chang,April-2026,1,2,INBOUND,331.8,1.4,65.9,Resolved
AGT-010,James Iyer,March-2026,17,7,Inbound,290.0,3.4,76.6,Escalated
AGT-004,Priya Nair,June-2026,22,8,Inbound,324.3,3.6,84.1,Resolved
AGT-017,Neha Sharma,July-2026,20,5,Inbound,258.2,3.2,79.5,Resolved
AGT-011,David Chang,March-2026,7,10,Inbound,227.1,2.6,79.8,Resolved
AGT-003,Sarah Reddy,June-2026,21,26,Inbound,230.6,4.6,90.3,Resolved
AGT-001,Arjun Jenkins,July-2026,18,21,Inbound,-279.8,2.6,87.2,Pending
AGT-013,Rahul Wilson,June-2026,8,26,Inbound,321.1,5.0,100.0,Resolved
AGT-004,Priya Nair,June-2026,6,8,Inbound,302.8,3.9,81.1,Resolved
AGT-003,Sarah Reddy,March-2026,7,23,Inbound,227.6,5.0,98.8,Resolved
AGT-016,Ananya Verma,February-2026,19,17,Inbound,305.8,5.0,84.4,Resolved
AGT-013,Rahul Wilson,July-2026,4,27,Inbound,301.3,4.5,76.3,Pending
AGT-010,James Iyer,February-2026,12,6,Inbound,266.4,3.0,65.8,Resolved
AGT-021,Ananya Gupta,February-2026,1,9,Inbound,220.7,4.6,72.3,Resolved
AGT-019,Kavya Gupta,February-2026,15,23,Inbound,323.5,4.9,87.2,Resolved
AGT-006,Arjun Nair,July-2026,15,23,INBOUND,205.0,4.4,100.0,Resolved
AGT-012,Kavya Jenkins,May-2026,8,19,Inbound,247.0,,100.0,Resolved
AGT-025,Arjun Reddy,April-2026,25,24,Inbound,296.5,4.6,88.5,Escalated
AGT-025,Arjun Reddy,April-2026,21,24,Inbound,311.0,5.0,97.3,Escalated
AGT-015,Arjun Nair,March-2026,26,10,Inbound,301.6,4.4,76.3,Unresolved
AGT-007,Rahul Iyer,May-2026,3,27,Inbound,320.0,4.0,100.0,Resolved
AGT-023,Michael Wilson,June-2026,6,21,Inbound,260.2,5.0,97.5,Resolved
AGT-008,Kavya Gupta,May-2026,25,11,Inbound,310.4,3.5,78.2,Resolved
AGT-023,Michael Wilson,February-2026,17,17,Inbound,,3.3,97.1,Resolved
AGT-013,Rahul Wilson,July-2026,26,27,Inbound,217.7,5.0,100.0,Resolved
AGT-020, Rahul Sharma ,April-2026,22,11,Inbound,247.1,3.6,81.4,Pending
AGT-012,Kavya Jenkins,May-2026,1,19,Inbound,334.3,3.8,89.4,Resolved
AGT-018,Sarah Iyer,July-2026,10,28,Inbound,249.7,4.6,100.0,Unresolved
AGT-010,James Iyer,April-2026,19,8,Inbound,240.2,3.8,86.4,Resolved
AGT-014,Priya Iyer,May-2026,7,21,Inbound,323.3,4.2,84.4,Resolved
AGT-024,James Reddy,April-2026,2,6,Inbound,218.4,4.3,69.9,Resolved
AGT-015,Arjun Nair,March-2026,9,10,Inbound,280.4,4.3,100.0,Pending
AGT-001,Arjun Jenkins,May-2026,19,19,Inbound,255.4,3.9,97.8,Resolved
AGT-025,Arjun Reddy,May-2026,6,25,Inbound,242.0,5.0,99.2,Resolved
AGT-002,Arjun Sharma,April-2026,14,21,Inbound,207.9,5.0,100.0,Pending
AGT-024,James Reddy,May-2026,13,7,Inbound,301.0,3.8,67.3,Escalated
AGT-014,Priya Iyer,April-2026,1,20,Inbound,289.9,5.0,100.0,Resolved
AGT-003,Sarah Reddy,February-2026,4,22,Inbound,277.8,4.3,100.0,Resolved
AGT-017,Neha Sharma,March-2026,3,1,Inbound,324.2,1.9,50.8,Pending
AGT-016,Ananya Verma,June-2026,13,21,Inbound,327.2,5.0,100.0,Resolved
AGT-022,Michael Iyer,February-2026,14,19,Inbound,-201.2,5.0,100.0,Resolved
AGT-010,James Iyer,July-2026,15,11,Inbound,268.4,4.8,76.2,Resolved
AGT-022,Michael Iyer,July-2026,1,24,Inbound,274.4,5.0,,Resolved
AGT-020,Rahul Sharma,April-2026,18,11,Inbound,279.3,3.7,73.9,Unresolved
AGT-012,Kavya Jenkins,February-2026,15,16,Inbound,236.1,3.6,91.4,Resolved
AGT-001,Arjun Jenkins,June-2026,7,20,Inbound,272.5,5.0,100.0,Escalated
AGT-020,Rahul Sharma,April-2026,4,11,Inbound,267.7,4.0,68.4,Resolved
AGT-010,James Iyer,April-2026,17,8,Inbound,286.7,4.3,80.3,Resolved
AGT-017,Neha Sharma,June-2026,10,4,Inbound,311.6,2.7,78.8,Escalated
AGT-025,Arjun Reddy,April-2026,24,24,Inbound,243.4,2.8,89.7,Resolved
AGT-015,Arjun Nair,April-2026,22,11,Inbound,297.1,5.0,,Resolved
AGT-018,Sarah Iyer,June-2026,22,27,Inbound,194.4,4.8,90.5,Resolved
AGT-008,Kavya Gupta,March-2026,24,9,Inbound,225.5,4.1,70.8,Resolved
AGT-009,Arjun Sharma,April-2026,15,4,Inbound,368.6,3.8,76.6,Escalated
AGT-023,Michael Wilson,February-2026,11,17,Inbound,205.0,4.6,100.0,Resolved
AGT-006,Arjun Nair,February-2026,8,18,Inbound,245.6,5.0,83.9,Resolved
AGT-015, Arjun Nair ,June-2026,9,13,Inbound,301.5,3.3,94.3,Resolved
AGT-003,Sarah Reddy,July-2026,23,27,Inbound,174.3,5.0,93.4,Resolved
AGT-011,David Chang,June-2026,4,13,Inbound,311.5,5.0,84.9,Resolved
AGT-002,Arjun Sharma,July-2026,18,24,Inbound,281.5,4.0,94.1,Resolved
AGT-009, Arjun Sharma ,May-2026,9,5,Inbound,293.6,4.1,69.0,Unresolved
AGT-012,Kavya Jenkins,May-2026,11,19,Inbound,263.5,4.0,81.9,Resolved
AGT-011,David Chang,March-2026,20,10,Inbound,,3.8,79.4,Resolved
AGT-014,Priya Iyer,July-2026,15,23,Inbound,256.3,5.0,69.1,Resolved
AGT-018,Sarah Iyer,February-2026,19,23,Inbound,354.7,,100.0,Resolved
AGT-020,Rahul Sharma,May-2026,13,12,Inbound,329.2,3.7,74.8,Resolved
AGT-022,Michael Iyer,July-2026,19,24,Inbound,235.8,4.7,100.0,Resolved
AGT-004,Priya Nair,June-2026,7,8,Inbound,310.7,3.7,94.7,Escalated
AGT-021,Ananya Gupta,May-2026,10,12,Inbound,307.7,5.0,88.4,Resolved
AGT-021,Ananya Gupta,May-2026,18,12,Inbound,241.4,3.3,90.4,Unresolved
AGT-001,Arjun Jenkins,April-2026,14,18,Inbound,227.2,5.0,92.8,Resolved
AGT-005,Rahul Chang,March-2026,9,1,Inbound,312.2,3.1,81.5,Resolved
AGT-009,Arjun Sharma,February-2026,15,2,Inbound,404.7,4.9,73.0,Escalated
AGT-017,Neha Sharma,June-2026,7,4,Inbound,354.8,3.3,69.8,Resolved
AGT-015,Arjun Nair,June-2026,23,13,Inbound,325.9,4.1,81.7,Resolved
AGT-025,Arjun Reddy,July-2026,16,27,INBOUND,188.9,5.0,88.4,Resolved
AGT-001,Arjun Jenkins,May-2026,4,19,Inbound,284.5,4.5,93.5,Escalated
AGT-021,Ananya Gupta,February-2026,2,9,Inbound,264.4,3.3,82.3,Resolved
AGT-017,Neha Sharma,February-2026,5,0,Inbound,290.1,2.6,66.9,Unresolved
AGT-017,Neha Sharma,July-2026,25,5,Inbound,323.2,3.0,66.5,Escalated
AGT-023,Michael Wilson,February-2026,12,17,Inbound,210.0,3.8,88.5,Unresolved
AGT-015,Arjun Nair,March-2026,17,10,Inbound,270.3,4.0,83.3,Resolved
AGT-002,Arjun Sharma,May-2026,20,22,Inbound,214.3,4.6,91.9,Resolved
AGT-018,Sarah Iyer,April-2026,25,25,Inbound,237.1,5.0,98.9,Escalated
AGT-009,Arjun Sharma,February-2026,26,2,INBOUND,341.8,2.8,66.1,Escalated
AGT-002, Arjun Sharma ,March-2026,9,20,Inbound,241.1,4.7,100.0,Resolved
AGT-003,Sarah Reddy,April-2026,17,24,Inbound,217.9,5.0,95.9,Resolved
AGT-017,Neha Sharma,June-2026,12,4,Inbound,,2.3,77.3,Resolved
AGT-017,Neha Sharma,April-2026,17,2,Inbound,368.1,3.6,71.9,Resolved
AGT-021,Ananya Gupta,July-2026,12,14,Inbound,243.1,4.8,97.4,Resolved
AGT-024, James Reddy ,February-2026,10,4,Inbound,325.7,3.0,69.5,Pending
AGT-025,Arjun Reddy,June-2026,25,26,Inbound,199.2,5.0,99.2,Resolved
AGT-004,Priya Nair,March-2026,13,5,Inbound,284.2,2.9,81.5,Resolved
AGT-013,Rahul Wilson,May-2026,5,25,Inbound,244.6,5.0,95.9,Unresolved
AGT-013,Rahul Wilson,March-2026,3,23,Inbound,286.6,4.9,96.9,Resolved
AGT-022,Michael Iyer,May-2026,11,22,Inbound,273.0,4.4,90.4,Resolved
AGT-012,Kavya Jenkins,July-2026,5,21,Inbound,234.2,4.2,93.2,Resolved
AGT-019,Kavya Gupta,July-2026,19,28,Inbound,288.7,5.0,94.2,Resolved
AGT-020,Rahul Sharma,March-2026,20,10,Inbound,317.3,3.3,76.6,Escalated
AGT-004,Priya Nair,February-2026,26,4,Inbound,315.4,3.5,63.0,Escalated
AGT-011,David Chang,May-2026,26,12,Inbound,289.4,4.9,94.5,Resolved
AGT-018,Sarah Iyer,May-2026,6,26,Inbound,221.6,3.8,99.5,Escalated
AGT-009,Arjun Sharma,April-2026,22,4,Inbound,291.8,3.9,83.9,Unresolved
AGT-017,Neha Sharma,May-2026,6,3,Inbound,336.3,3.4,64.1,Resolved
AGT-018,Sarah Iyer,February-2026,9,23,Inbound,212.0,4.6,96.7,Resolved
AGT-006,Arjun Nair,July-2026,8,23,Inbound,164.8,4.0,100.0,Resolved
AGT-022,Michael Iyer,May-2026,16,22,Inbound,302.6,5.0,95.1,Resolved
AGT-013,Rahul Wilson,April-2026,11,24,Inbound,247.9,4.7,84.6,Unresolved
AGT-017,Neha Sharma,June-2026,20,4,Inbound,270.9,4.1,89.0,Pending
AGT-009,Arjun Sharma,April-2026,24,4,Inbound,,4.0,76.8,Escalated
AGT-002,Arjun Sharma,June-2026,12,23,Inbound,232.0,4.9,97.5,Resolved
AGT-011, David Chang ,July-2026,11,14,Inbound,234.5,5.0,76.0,Resolved
AGT-022,Michael Iyer,July-2026,4,24,Inbound,289.9,5.0,100.0,Resolved
AGT-008,Kavya Gupta,February-2026,18,8,Inbound,329.0,4.4,100.0,Resolved
AGT-021,Ananya Gupta,June-2026,13,13,Inbound,264.7,4.4,91.5,Resolved
AGT-013, Rahul Wilson ,June-2026,18,26,Inbound,171.6,4.2,,Pending
AGT-013,Rahul Wilson,February-2026,21,22,Inbound,200.7,4.5,100.0,Resolved
AGT-021,Ananya Gupta,March-2026,10,10,Inbound,257.2,3.5,84.8,Resolved
AGT-003,Sarah Reddy,May-2026,14,25,INBOUND,261.4,5.0,85.2,Resolved
AGT-024,James Reddy,April-2026,4,6,Inbound,282.9,4.5,70.1,Pending
AGT-013, Rahul Wilson ,May-2026,8,25,Inbound,300.2,,95.9,Resolved
AGT-018,Sarah Iyer,July-2026,3,28,Inbound,351.1,4.1,100.0,Resolved
AGT-016,Ananya Verma,May-2026,21,20,Inbound,287.0,4.2,95.0,Resolved
AGT-002, Arjun Sharma ,June-2026,1,23,Inbound,247.5,5.0,100.0,Resolved
AGT-014,Priya Iyer,March-2026,17,19,Inbound,,3.9,94.1,Resolved
AGT-012,Kavya Jenkins,February-2026,24,16,Inbound,225.8,3.5,98.6,Unresolved
AGT-018,Sarah Iyer,June-2026,14,27,INBOUND,277.4,5.0,92.5,Resolved
AGT-020,Rahul Sharma,July-2026,2,14,Inbound,226.4,3.7,85.2,Unresolved
AGT-001,Arjun Jenkins,February-2026,23,16,Inbound,292.5,4.2,99.4,Resolved
AGT-008,Kavya Gupta,April-2026,13,10,Inbound,275.2,3.6,95.6,Resolved
AGT-018,Sarah Iyer,July-2026,14,28,Inbound,242.8,5.0,88.1,Resolved
AGT-019,Kavya Gupta,May-2026,19,26,Inbound,286.4,5.0,92.9,Pending
AGT-007,Rahul Iyer,April-2026,1,26,Inbound,233.6,4.4,95.6,Unresolved
AGT-006,Arjun Nair,June-2026,5,22,Inbound,278.8,4.9,100.0,Resolved
AGT-021,Ananya Gupta,May-2026,26,12,Inbound,232.4,4.5,88.2,Resolved
AGT-022,Michael Iyer,April-2026,18,21,Inbound,210.5,4.7,100.0,Escalated
AGT-025,Arjun Reddy,April-2026,12,24,INBOUND,247.3,4.5,100.0,Escalated
AGT-018,Sarah Iyer,June-2026,8,27,Inbound,242.0,4.8,100.0,Escalated
AGT-005,Rahul Chang,July-2026,5,5,Inbound,343.4,4.2,56.0,Resolved
AGT-018,Sarah Iyer,February-2026,10,23,Inbound,229.2,4.5,88.9,Escalated
AGT-006,Arjun Nair,March-2026,11,19,Inbound,282.1,5.0,100.0,Resolved
AGT-012, Kavya Jenkins ,March-2026,4,17,Inbound,354.6,5.0,92.0,Resolved
AGT-005,Rahul Chang,March-2026,2,1,Inbound,329.2,1.4,59.0,Resolved
AGT-022,Michael Iyer,June-2026,3,23,Inbound,254.6,4.9,90.3,Resolved
AGT-010,James Iyer,February-2026,16,6,Inbound,321.6,3.6,78.5,Resolved
AGT-004,Priya Nair,July-2026,6,9,Inbound,317.2,3.6,72.3,Resolved
AGT-016,Ananya Verma,June-2026,9,21,Inbound,232.8,4.9,89.0,Resolved
AGT-011,David Chang,March-2026,3,10,INBOUND,299.8,4.4,68.1,Resolved
AGT-016,Ananya Verma,February-2026,4,17,Inbound,251.5,4.8,100.0,Escalated
AGT-020,Rahul Sharma,July-2026,12,14,Inbound,249.7,3.5,91.2,Resolved
AGT-003,Sarah Reddy,March-2026,6,23,Inbound,215.9,4.7,100.0,Resolved
AGT-013, Rahul Wilson ,April-2026,5,24,Inbound,226.7,3.8,100.0,Resolved
AGT-023,Michael Wilson,February-2026,1,17,Inbound,201.8,5.0,91.2,Resolved
AGT-018,Sarah Iyer,February-2026,6,23,Inbound,298.8,5.0,100.0,Resolved
AGT-024,James Reddy,February-2026,14,4,Inbound,274.1,3.4,64.3,Resolved
AGT-025,Arjun Reddy,March-2026,5,23,Inbound,267.1,4.3,91.0,Pending
AGT-004,Priya Nair,April-2026,4,6,Inbound,339.9,2.7,79.3,Pending
AGT-006,Arjun Nair,July-2026,7,23,Inbound,261.4,4.2,95.7,Resolved
AGT-007,Rahul Iyer,March-2026,18,25,Inbound,289.7,5.0,98.9,Resolved
AGT-016, Ananya Verma ,April-2026,5,19,Inbound,214.6,4.5,86.8,Resolved
AGT-014,Priya Iyer,July-2026,12,23,Inbound,227.4,4.8,91.9,Resolved
AGT-022,Michael Iyer,May-2026,12,22,Inbound,265.5,,88.3,Resolved
AGT-022,Michael Iyer,May-2026,8,22,Inbound,302.6,5.0,100.0,Resolved
AGT-006,Arjun Nair,May-2026,7,21,Inbound,297.7,4.9,98.0,Resolved
AGT-020,Rahul Sharma,April-2026,26,11,Inbound,285.0,4.2,80.8,Resolved
AGT-004,Priya Nair,April-2026,21,6,Inbound,326.6,3.0,89.8,Resolved
AGT-011,David Chang,March-2026,19,10,Inbound,193.8,3.9,75.4,Resolved
AGT-014,Priya Iyer,March-2026,21,19,Inbound,124.7,5.0,97.4,Resolved
AGT-001,Arjun Jenkins,April-2026,9,18,Inbound,255.8,4.6,100.0,Resolved
AGT-003,Sarah Reddy,April-2026,25,24,Inbound,259.3,4.2,90.7,Resolved
AGT-022,Michael Iyer,April-2026,10,21,Inbound,185.1,5.0,100.0,Unresolved
AGT-019,Kavya Gupta,April-2026,26,25,Inbound,279.8,5.0,96.4,Escalated
AGT-013,Rahul Wilson,May-2026,25,25,Inbound,268.9,5.0,97.7,Resolved
AGT-015,Arjun Nair,April-2026,21,11,Inbound,222.4,4.0,79.6,Resolved
AGT-025, Arjun Reddy ,April-2026,13,24,Inbound,223.9,5.0,100.0,Resolved
AGT-023,Michael Wilson,February-2026,24,17,Inbound,234.0,5.0,88.1,Resolved
AGT-016,Ananya Verma,April-2026,16,19,Inbound,314.1,5.0,78.4,Pending
AGT-022,Michael Iyer,June-2026,25,23,Inbound,227.1,5.0,100.0,Resolved
AGT-025,Arjun Reddy,April-2026,16,24,Inbound,296.9,4.6,95.0,Escalated
AGT-005,Rahul Chang,February-2026,2,0,Inbound,269.6,2.8,65.9,Resolved
AGT-004,Priya Nair,May-2026,26,7,Inbound,285.7,3.1,70.8,Unresolved
AGT-010, James Iyer ,May-2026,11,9,Inbound,259.6,3.6,93.6,Escalated
AGT-025,Arjun Reddy,July-2026,14,27,Inbound,308.6,5.0,97.1,Resolved
AGT-016,Ananya Verma,June-2026,25,21,Inbound,313.1,5.0,100.0,Resolved
AGT-025,Arjun Reddy,May-2026,12,25,Inbound,213.0,5.0,95.8,Resolved
AGT-021,Ananya Gupta,April-2026,3,11,Inbound,241.2,4.2,88.7,Resolved
AGT-007,Rahul Iyer,April-2026,26,26,Inbound,188.1,4.3,93.1,Resolved
AGT-005,Rahul Chang,June-2026,8,4,Inbound,,2.9,57.0,Escalated
AGT-013,Rahul Wilson,April-2026,16,24,Inbound,215.6,5.0,100.0,Resolved
AGT-021,Ananya Gupta,June-2026,11,13,Inbound,237.2,4.1,87.2,Resolved
AGT-025,Arjun Reddy,May-2026,24,25,Inbound,300.9,4.6,100.0,Escalated
AGT-013,Rahul Wilson,March-2026,20,23,Inbound,235.6,4.7,75.1,Resolved
AGT-017,Neha Sharma,July-2026,9,5,Inbound,353.2,3.2,77.5,Resolved
AGT-012, Kavya Jenkins ,February-2026,10,16,Inbound,243.5,4.3,100.0,Escalated
AGT-007,Rahul Iyer,June-2026,19,28,Inbound,243.2,3.6,83.8,Resolved
AGT-001,Arjun Jenkins,March-2026,19,17,Inbound,192.2,,94.6,Resolved
AGT-002,Arjun Sharma,February-2026,19,19,Inbound,220.4,,98.7,Escalated
AGT-009,Arjun Sharma,June-2026,24,6,Inbound,290.0,4.2,74.2,Escalated
AGT-004,Priya Nair,April-2026,6,6,Inbound,219.9,4.0,78.5,Resolved
AGT-001,Arjun Jenkins,July-2026,6,21,Inbound,237.1,4.5,99.8,Resolved
AGT-025,Arjun Reddy,June-2026,2,26,Inbound,295.3,3.4,78.5,Resolved
AGT-003,Sarah Reddy,July-2026,9,27,Inbound,276.5,5.0,89.5,Resolved
AGT-003,Sarah Reddy,April-2026,1,24,Inbound,307.8,4.9,87.0,Resolved
AGT-023,Michael Wilson,April-2026,25,19,Inbound,245.5,4.6,99.0,Resolved
AGT-014,Priya Iyer,July-2026,21,23,INBOUND,255.2,5.0,97.2,Resolved
AGT-012,Kavya Jenkins,June-2026,13,20,Inbound,325.4,5.0,67.3,Resolved
AGT-025,Arjun Reddy,April-2026,17,24,Inbound,245.7,5.0,85.5,Resolved
AGT-022,Michael Iyer,April-2026,5,21,Inbound,230.8,4.4,100.0,Resolved
AGT-016,Ananya Verma,June-2026,1,21,Inbound,247.4,5.0,100.0,Resolved
AGT-022,Michael Iyer,June-2026,6,23,Inbound,225.6,5.0,100.0,Resolved
AGT-023,Michael Wilson,March-2026,17,18,Inbound,227.3,5.0,,Escalated
AGT-011,David Chang,July-2026,4,14,Inbound,277.7,4.6,99.6,Resolved
AGT-022,Michael Iyer,April-2026,16,21,Inbound,209.7,3.4,84.7,Resolved
AGT-008,Kavya Gupta,February-2026,23,8,Inbound,323.7,4.9,82.7,Resolved
AGT-018,Sarah Iyer,July-2026,23,28,Inbound,264.6,4.3,92.2,Escalated
AGT-016,Ananya Verma,July-2026,21,22,Inbound,293.7,3.5,90.0,Resolved
AGT-001,Arjun Jenkins,June-2026,26,20,Inbound,243.2,4.2,93.9,Resolved
AGT-024,James Reddy,June-2026,18,8,Inbound,295.9,4.0,71.9,Resolved
AGT-024,James Reddy,April-2026,18,6,Inbound,312.6,3.8,87.9,Resolved
AGT-006,Arjun Nair,July-2026,2,23,Inbound,301.2,5.0,98.3,Resolved
AGT-001,Arjun Jenkins,February-2026,3,16,Inbound,286.5,4.1,,Resolved
AGT-021,Ananya Gupta,July-2026,10,14,Inbound,304.7,4.6,90.4,Resolved
AGT-021,Ananya Gupta,June-2026,8,13,Inbound,238.1,3.0,89.1,Escalated
AGT-025,Arjun Reddy,June-2026,4,26,Inbound,271.9,4.3,100.0,Resolved
AGT-025,Arjun Reddy,April-2026,26,24,Inbound,255.5,4.1,92.6,Resolved
AGT-010,James Iyer,May-2026,20,9,Inbound,295.4,5.0,85.1,Resolved
AGT-021,Ananya Gupta,April-2026,5,11,Inbound,300.3,4.3,95.1,Resolved
AGT-014,Priya Iyer,May-2026,17,21,Inbound,126.2,5.0,84.0,Resolved
AGT-023,Michael Wilson,April-2026,6,19,Inbound,265.1,5.0,83.1,Resolved
AGT-002,Arjun Sharma,March-2026,16,20,Inbound,219.5,3.9,98.2,Resolved
AGT-006,Arjun Nair,June-2026,3,22,Inbound,255.6,4.8,96.6,Resolved
AGT-022,Michael Iyer,March-2026,8,20,Inbound,290.6,5.0,92.1,Resolved
AGT-005,Rahul Chang,May-2026,1,3,Inbound,258.3,4.7,70.5,Resolved
AGT-025,Arjun Reddy,April-2026,9,24,INBOUND,310.8,,93.1,Resolved
AGT-013,Rahul Wilson,March-2026,4,23,Inbound,280.9,5.0,89.8,Resolved
AGT-014,Priya Iyer,April-2026,12,20,Inbound,248.7,4.2,89.6,Resolved
AGT-016,Ananya Verma,February-2026,18,17,Inbound,227.1,4.9,100.0,Escalated
AGT-025,Arjun Reddy,February-2026,22,22,Inbound,279.9,3.8,92.7,Resolved
AGT-016,Ananya Verma,March-2026,5,18,Inbound,242.7,5.0,90.1,Unresolved
AGT-011,David Chang,June-2026,11,13,Inbound,268.7,3.7,88.2,Resolved
AGT-010,James Iyer,March-2026,15,7,Inbound,330.6,3.1,88.6,Resolved
AGT-008,Kavya Gupta,February-2026,17,8,Inbound,275.8,5.0,89.4,Escalated
AGT-022, Michael Iyer ,March-2026,18,20,Inbound,268.9,4.5,90.6,Resolved
AGT-013,Rahul Wilson,July-2026,20,27,Inbound,176.6,4.8,82.0,Unresolved
AGT-008,Kavya Gupta,May-2026,16,11,Inbound,264.5,4.4,86.8,Resolved
AGT-005,Rahul Chang,April-2026,25,2,INBOUND,387.3,4.0,70.6,Resolved
AGT-023,Michael Wilson,July-2026,5,22,Inbound,260.5,4.5,100.0,Resolved
AGT-018,Sarah Iyer,June-2026,12,27,Inbound,212.9,4.6,87.6,Resolved
AGT-022,Michael Iyer,April-2026,7,21,Inbound,202.3,3.5,80.4,Resolved
AGT-003, Sarah Reddy ,February-2026,12,22,Inbound,303.3,4.0,100.0,Resolved
AGT-023,Michael Wilson,March-2026,19,18,Inbound,261.2,4.3,97.0,Resolved
AGT-021, Ananya Gupta ,July-2026,6,14,Inbound,204.7,,92.5,Resolved
AGT-020,Rahul Sharma,May-2026,5,12,Inbound,276.9,4.2,83.8,Resolved
AGT-003,Sarah Reddy,February-2026,24,22,INBOUND,180.5,4.1,100.0,Resolved
AGT-015,Arjun Nair,April-2026,15,11,Inbound,265.5,4.7,80.2,Resolved
AGT-010, James Iyer ,March-2026,2,7,INBOUND,296.3,2.7,75.0,Unresolved
AGT-007,Rahul Iyer,February-2026,18,24,Inbound,233.7,3.7,85.3,Resolved
AGT-002,Arjun Sharma,March-2026,8,20,Inbound,343.9,4.7,100.0,Unresolved
AGT-007,Rahul Iyer,April-2026,18,26,Inbound,,4.6,100.0,Escalated
AGT-001,Arjun Jenkins,March-2026,7,17,Inbound,275.7,4.8,95.0,Resolved
AGT-020,Rahul Sharma,July-2026,10,14,Inbound,318.5,4.9,81.6,Resolved
AGT-010,James Iyer,May-2026,18,9,Inbound,339.9,3.5,75.9,Resolved
AGT-024,James Reddy,July-2026,24,9,Inbound,303.0,3.8,86.9,Escalated
AGT-012,Kavya Jenkins,July-2026,1,21,Inbound,267.9,5.0,100.0,Resolved
AGT-019,Kavya Gupta,April-2026,12,25,Inbound,167.2,5.0,95.1,Resolved
AGT-025,Arjun Reddy,May-2026,16,25,Inbound,258.6,4.7,96.8,Resolved
AGT-001,Arjun Jenkins,March-2026,6,17,Inbound,268.0,5.0,89.1,Pending
AGT-023,Michael Wilson,June-2026,4,21,Inbound,,5.0,92.9,Resolved
AGT-011,David Chang,February-2026,19,9,Inbound,307.2,3.7,85.9,Resolved
AGT-008,Kavya Gupta,April-2026,11,10,Inbound,328.0,4.2,86.8,Unresolved
AGT-019,Kavya Gupta,June-2026,25,27,Inbound,288.0,4.9,88.4,Resolved
AGT-011,David Chang,April-2026,2,11,Inbound,256.3,3.9,92.8,Resolved
AGT-015,Arjun Nair,May-2026,23,12,INBOUND,,3.8,71.1,Resolved
AGT-010,James Iyer,May-2026,14,9,Inbound,412.9,2.5,81.5,Pending
AGT-014,Priya Iyer,April-2026,2,20,Inbound,191.2,5.0,100.0,Resolved
AGT-018,Sarah Iyer,March-2026,16,24,Inbound,253.1,5.0,97.1,Pending
AGT-022,Michael Iyer,July-2026,20,24,Inbound,211.9,4.0,97.1,Resolved
AGT-024,James Reddy,July-2026,2,9,Inbound,349.4,3.9,79.1,Escalated
AGT-007,Rahul Iyer,March-2026,20,25,Inbound,195.8,5.0,93.0,Resolved
AGT-008,Kavya Gupta,May-2026,12,11,Inbound,278.0,4.3,84.5,Resolved
AGT-007,Rahul Iyer,February-2026,4,24,Inbound,343.8,4.8,93.4,Escalated
AGT-019,Kavya Gupta,February-2026,26,23,Inbound,260.8,4.8,100.0,Resolved
AGT-022,Michael Iyer,March-2026,11,20,Inbound,274.9,4.5,97.5,Pending
AGT-009, Arjun Sharma ,March-2026,17,3,Inbound,274.9,3.5,58.9,Resolved
AGT-003,Sarah Reddy,March-2026,26,23,Inbound,291.2,5.0,100.0,Resolved
AGT-022,Michael Iyer,May-2026,1,22,Inbound,179.3,5.0,,Resolved
AGT-020,Rahul Sharma,April-2026,14,11,Inbound,320.4,3.7,81.8,Resolved
AGT-001,Arjun Jenkins,July-2026,26,21,Inbound,200.8,4.4,92.6,Resolved
AGT-011,David Chang,July-2026,18,14,Inbound,309.7,4.3,100.0,Resolved
AGT-012,Kavya Jenkins,March-2026,15,17,Inbound,261.0,4.9,90.7,Resolved
AGT-002,Arjun Sharma,April-2026,3,21,Inbound,235.2,5.0,91.7,Escalated
AGT-022,Michael Iyer,June-2026,16,23,Inbound,253.7,4.8,92.6,Resolved
AGT-018,Sarah Iyer,April-2026,4,25,Inbound,203.6,4.6,87.4,Unresolved
AGT-002,Arjun Sharma,May-2026,17,22,Inbound,,5.0,99.3,Resolved
AGT-012,Kavya Jenkins,July-2026,20,21,Inbound,227.3,3.8,89.6,Resolved
AGT-019,Kavya Gupta,April-2026,23,25,Inbound,317.7,4.2,90.2,Resolved
AGT-014,Priya Iyer,February-2026,3,18,Inbound,297.4,5.0,94.4,Resolved
AGT-023,Michael Wilson,July-2026,4,22,Inbound,231.3,5.0,100.0,Resolved
AGT-011,David Chang,April-2026,24,11,Inbound,241.1,3.3,83.7,Resolved
AGT-017,Neha Sharma,April-2026,26,2,Inbound,298.0,2.9,75.1,Resolved
AGT-014,Priya Iyer,February-2026,8,18,Inbound,263.4,4.2,95.0,Resolved
AGT-015,Arjun Nair,February-2026,14,9,Inbound,338.3,3.6,89.9,Resolved
AGT-002, Arjun Sharma ,July-2026,6,24,INBOUND,244.2,4.1,96.8,Resolved
AGT-001,Arjun Jenkins,July-2026,22,21,Inbound,176.4,,99.1,Resolved
AGT-022,Michael Iyer,February-2026,11,19,Inbound,227.7,5.0,84.3,Resolved
AGT-004,Priya Nair,May-2026,14,7,Inbound,268.2,4.0,70.2,Resolved
AGT-002,Arjun Sharma,March-2026,24,20,Inbound,189.7,5.0,100.0,Pending
AGT-012,Kavya Jenkins,May-2026,23,19,Inbound,187.3,,98.4,Resolved
AGT-008,Kavya Gupta,May-2026,19,11,Inbound,261.5,3.5,90.8,Pending
AGT-009,Arjun Sharma,March-2026,21,3,Inbound,291.8,2.5,59.1,Pending
AGT-008, Kavya Gupta ,June-2026,5,12,Inbound,287.1,3.7,83.7,Resolved
AGT-011, David Chang ,April-2026,19,11,Inbound,274.0,3.8,85.3,Pending
AGT-002,Arjun Sharma,February-2026,25,19,Inbound,190.6,5.0,93.6,Resolved
AGT-015,Arjun Nair,February-2026,10,9,Inbound,252.8,3.2,79.4,Resolved
AGT-008,Kavya Gupta,June-2026,23,12,Inbound,208.0,5.0,73.5,Resolved
AGT-010,James Iyer,April-2026,6,8,Inbound,,5.0,80.3,Pending
AGT-016,Ananya Verma,June-2026,15,21,Inbound,259.8,5.0,92.1,Resolved
AGT-021,Ananya Gupta,March-2026,16,10,Inbound,331.6,4.2,87.5,Pending
AGT-003,Sarah Reddy,May-2026,10,25,Inbound,222.1,5.0,100.0,Escalated
AGT-016,Ananya Verma,February-2026,23,17,Inbound,286.8,5.0,99.1,Resolved
AGT-024,James Reddy,June-2026,17,8,Inbound,270.1,,76.1,Unresolved
AGT-012,Kavya Jenkins,July-2026,12,21,Inbound,286.1,5.0,93.6,Resolved
AGT-019,Kavya Gupta,June-2026,15,27,Inbound,,4.5,100.0,Resolved
AGT-009,Arjun Sharma,July-2026,17,7,Inbound,246.1,3.6,79.3,Resolved
AGT-022,Michael Iyer,May-2026,5,22,Inbound,243.4,5.0,90.2,Resolved
AGT-011,David Chang,July-2026,23,14,Inbound,257.6,4.3,81.9,Resolved
AGT-003,Sarah Reddy,May-2026,19,25,Inbound,220.3,4.3,87.6,Resolved
AGT-006,Arjun Nair,May-2026,12,21,Inbound,211.4,4.9,99.6,Resolved
AGT-005,Rahul Chang,July-2026,17,5,Inbound,,4.0,60.4,Escalated
AGT-023,Michael Wilson,April-2026,20,19,Inbound,238.7,5.0,100.0,Pending
AGT-014,Priya Iyer,April-2026,17,20,Inbound,283.7,4.9,95.8,Pending
AGT-008,Kavya Gupta,July-2026,4,13,Inbound,287.0,4.7,76.2,Resolved
AGT-022,Michael Iyer,May-2026,9,22,Inbound,279.5,4.6,86.9,Resolved
AGT-019,Kavya Gupta,March-2026,2,24,INBOUND,210.6,4.3,97.2,Resolved
AGT-016,Ananya Verma,July-2026,12,22,Inbound,292.8,5.0,,Escalated
AGT-024,James Reddy,June-2026,16,8,Inbound,277.7,4.8,82.7,Resolved
AGT-012,Kavya Jenkins,March-2026,13,17,Inbound,270.6,5.0,100.0,Resolved
AGT-015,Arjun Nair,July-2026,1,14,Inbound,,4.1,96.8,Resolved
AGT-020,Rahul Sharma,July-2026,3,14,Inbound,282.6,4.2,82.7,Resolved
AGT-002,Arjun Sharma,April-2026,22,21,Inbound,272.4,4.3,89.7,Resolved
AGT-014,Priya Iyer,March-2026,19,19,Inbound,217.8,4.3,97.5,Resolved
AGT-015,Arjun Nair,February-2026,16,9,Inbound,,5.0,74.0,Pending
AGT-025,Arjun Reddy,February-2026,16,22,Inbound,251.8,4.0,100.0,Pending
AGT-015,Arjun Nair,May-2026,22,12,Inbound,274.9,4.5,94.3,Escalated
AGT-019,Kavya Gupta,May-2026,16,26,Inbound,232.7,5.0,85.3,Resolved
AGT-015,Arjun Nair,June-2026,5,13,Inbound,263.6,4.2,99.8,Resolved
AGT-011,David Chang,March-2026,14,10,Inbound,270.4,4.4,90.6,Resolved
AGT-022,Michael Iyer,May-2026,4,22,Inbound,274.4,3.5,96.2,Escalated
AGT-005,Rahul Chang,April-2026,17,2,Inbound,290.7,4.2,57.1,Resolved
AGT-023,Michael Wilson,April-2026,2,19,Inbound,271.8,4.1,92.4,Resolved
AGT-008,Kavya Gupta,April-2026,10,10,Inbound,296.2,3.4,85.0,Resolved
AGT-020,Rahul Sharma,March-2026,26,10,Inbound,232.6,4.3,80.1,Resolved
AGT-004,Priya Nair,May-2026,25,7,Inbound,319.6,2.8,83.8,Pending
AGT-012,Kavya Jenkins,May-2026,7,19,Inbound,269.7,5.0,91.2,Pending
AGT-003,Sarah Reddy,June-2026,7,26,Inbound,271.2,5.0,100.0,Resolved
AGT-017, Neha Sharma ,July-2026,13,5,Inbound,307.8,4.4,71.5,Pending
AGT-012,Kavya Jenkins,April-2026,25,18,Inbound,218.7,4.3,100.0,Resolved
AGT-016,Ananya Verma,June-2026,24,21,Inbound,,4.7,99.9,Escalated
AGT-013,Rahul Wilson,May-2026,19,25,Inbound,229.9,4.1,99.1,Resolved
AGT-024,James Reddy,April-2026,1,6,Inbound,277.5,2.8,63.6,Resolved
AGT-014,Priya Iyer,February-2026,2,18,Inbound,295.1,4.3,99.6,Resolved
AGT-001,Arjun Jenkins,February-2026,13,16,Inbound,289.6,5.0,87.8,Pending
AGT-015,Arjun Nair,February-2026,22,9,Inbound,295.7,2.6,90.4,Pending
AGT-010,James Iyer,July-2026,5,11,Inbound,268.0,4.1,73.0,Resolved
AGT-021,Ananya Gupta,March-2026,23,10,Inbound,227.4,3.5,86.9,Resolved
AGT-023,Michael Wilson,April-2026,14,19,Inbound,231.8,5.0,100.0,Resolved
AGT-014,Priya Iyer,July-2026,7,23,Inbound,255.6,4.6,87.0,Pending
AGT-025,Arjun Reddy,March-2026,7,23,Inbound,232.6,5.0,97.8,Resolved
AGT-004,Priya Nair,March-2026,26,5,Inbound,305.2,3.0,65.1,Escalated
AGT-007,Rahul Iyer,April-2026,24,26,Inbound,322.0,5.0,99.1,Resolved
AGT-020,Rahul Sharma,June-2026,12,13,Inbound,303.3,3.2,85.3,Resolved
AGT-013,Rahul Wilson,June-2026,1,26,Inbound,247.2,4.1,92.5,Resolved
AGT-012,Kavya Jenkins,July-2026,15,21,Inbound,188.8,5.0,95.4,Escalated
AGT-023,Michael Wilson,June-2026,13,21,Inbound,304.4,5.0,76.5,Resolved
AGT-017,Neha Sharma,February-2026,23,0,Inbound,301.7,1.1,81.4,Resolved
AGT-013,Rahul Wilson,May-2026,17,25,Inbound,229.6,4.0,97.9,Escalated
AGT-025,Arjun Reddy,March-2026,4,23,Inbound,278.8,5.0,93.3,Resolved
AGT-001,Arjun Jenkins,June-2026,18,20,Inbound,336.1,4.8,93.4,Resolved
AGT-001,Arjun Jenkins,March-2026,15,17,Inbound,296.3,5.0,80.8,Resolved
AGT-016,Ananya Verma,July-2026,9,22,Inbound,,4.9,100.0,Resolved
AGT-021,Ananya Gupta,July-2026,22,14,Inbound,225.9,4.0,83.7,Resolved
AGT-019,Kavya Gupta,February-2026,16,23,Inbound,259.6,5.0,82.0,Escalated
AGT-008,Kavya Gupta,July-2026,7,13,Inbound,279.3,4.6,94.3,Unresolved
AGT-008,Kavya Gupta,May-2026,1,11,Inbound,304.7,4.1,97.8,Resolved
AGT-006,Arjun Nair,June-2026,10,22,Inbound,302.1,4.0,95.6,Resolved
AGT-018,Sarah Iyer,March-2026,26,24,Inbound,309.7,4.7,86.4,Resolved
AGT-024,James Reddy,July-2026,14,9,Inbound,318.3,4.1,71.8,Resolved
AGT-009,Arjun Sharma,May-2026,7,5,Inbound,294.0,3.8,54.4,Escalated
AGT-019,Kavya Gupta,June-2026,21,27,Inbound,297.4,4.4,96.4,Resolved
AGT-011,David Chang,May-2026,24,12,Inbound,238.6,4.0,78.8,Resolved
AGT-022,Michael Iyer,February-2026,12,19,Inbound,275.2,4.9,94.9,Resolved
AGT-011,David Chang,February-2026,15,9,Inbound,316.6,3.4,83.7,Unresolved
AGT-019,Kavya Gupta,February-2026,6,23,INBOUND,181.7,5.0,100.0,Resolved
AGT-007,Rahul Iyer,March-2026,19,25,Inbound,249.4,5.0,96.1,Resolved
AGT-008,Kavya Gupta,April-2026,14,10,Inbound,285.9,4.7,84.9,Resolved
AGT-018,Sarah Iyer,March-2026,18,24,Inbound,229.7,5.0,,Resolved
AGT-008,Kavya Gupta,March-2026,12,9,Inbound,313.9,4.2,71.4,Resolved
AGT-023,Michael Wilson,May-2026,10,20,Inbound,259.0,4.4,95.9,Resolved
AGT-001,Arjun Jenkins,April-2026,3,18,Inbound,327.4,4.2,77.5,Resolved
AGT-005,Rahul Chang,April-2026,24,2,Inbound,256.4,3.5,61.6,Pending
AGT-006,Arjun Nair,February-2026,10,18,Inbound,249.8,5.0,89.3,Resolved
AGT-020,Rahul Sharma,April-2026,8,11,Inbound,336.1,4.2,75.8,Escalated
AGT-022,Michael Iyer,April-2026,15,21,Inbound,273.9,4.5,100.0,Resolved
AGT-021,Ananya Gupta,June-2026,9,13,Inbound,189.5,4.0,83.4,Resolved
AGT-006,Arjun Nair,July-2026,17,23,Inbound,216.5,4.6,70.8,Resolved
AGT-003,Sarah Reddy,April-2026,23,24,Inbound,268.0,4.3,100.0,Resolved
AGT-015,Arjun Nair,June-2026,21,13,Inbound,225.6,4.8,94.2,Escalated
AGT-005,Rahul Chang,April-2026,12,2,Inbound,280.5,3.2,87.5,Resolved
AGT-023,Michael Wilson,June-2026,3,21,Inbound,247.0,4.2,83.7,Resolved
AGT-020,Rahul Sharma,May-2026,16,12,Inbound,354.6,4.6,92.5,Pending
AGT-018,Sarah Iyer,June-2026,1,27,Inbound,133.4,4.6,91.9,Resolved
AGT-006,Arjun Nair,June-2026,21,22,Inbound,256.9,4.7,89.2,Resolved
AGT-020,Rahul Sharma,February-2026,17,9,Inbound,325.8,4.4,76.2,Resolved
AGT-023,Michael Wilson,February-2026,10,17,Inbound,308.6,3.7,72.7,Escalated
AGT-010,James Iyer,June-2026,6,10,Inbound,239.9,4.6,90.7,Resolved
